id_calendario,id_forma_pagamento,id_passageiro,id_origem,id_destino,valor_receita,hora_compra,id_evento
12,1,11,11,12,6.20,07:15:00,
185,1,12,12,13,5.80,08:15:00,
40,1,13,13,14,7.50,09:15:00,
9,1,14,14,15,6.90,10:15:00,
186,1,19,12,13,5.80,13:44:50.886393,
121,1,21,12,13,5.80,05:53:22.409329,
97,1,13,12,13,5.80,18:33:19.84439,
49,1,24,25,19,19.21,15:19:47.377083,
97,1,23,12,13,5.80,12:53:17.240195,
186,1,20,21,22,12.97,17:09:55.854056,
259,1,26,11,12,6.20,09:57:52.868282,
97,1,25,12,13,5.80,09:08:53.167133,
259,1,20,13,14,7.50,02:40:15.327366,
81,1,12,25,19,19.21,22:57:53.975339,
3,1,17,11,12,6.20,13:17:16.083296,
259,1,15,12,13,5.80,02:39:56.109682,
49,1,28,11,12,6.20,23:44:35.129579,
49,1,30,22,30,15.03,06:53:47.699883,
189,1,33,14,15,6.90,00:08:01.627905,
121,1,36,25,19,19.21,14:26:31.170839,
3,1,34,21,22,12.97,09:09:48.58215,
3,1,21,14,15,6.90,18:33:48.00154,
186,1,30,12,13,5.80,03:25:59.659348,
3,1,16,11,12,6.20,11:56:30.297752,
186,1,11,25,19,19.21,11:09:17.849139,
186,1,20,13,19,11.08,00:40:53.35518,
97,1,22,13,19,11.08,05:15:03.750779,
186,1,37,22,30,15.03,09:55:23.654734,
259,1,29,18,28,9.63,19:28:28.775609,
186,1,37,12,13,5.80,14:14:07.990922,
97,1,24,14,15,6.90,07:51:03.902545,
186,1,40,24,16,9.94,15:18:54.000848,
81,1,27,18,28,9.63,20:36:01.146419,
186,1,22,11,12,6.20,06:51:16.055404,
186,1,17,22,30,15.03,09:10:21.192806,
3,1,29,24,16,9.94,09:56:03.145116,
189,1,21,22,30,15.03,06:21:37.875701,
121,1,33,21,22,12.97,14:10:04.528025,
49,1,39,22,14,19.53,09:58:15.90035,
81,1,31,11,12,6.20,18:56:09.660202,
259,1,15,14,15,6.90,02:14:04.426666,
3,1,39,13,14,7.50,20:19:27.085633,
3,1,22,22,14,19.53,18:07:32.362651,
121,1,26,14,15,6.90,12:13:05.954245,
186,1,26,22,14,19.53,21:47:48.42997,
3,1,29,14,15,6.90,01:16:25.320422,
3,1,39,18,28,9.63,12:52:28.022902,
259,1,27,28,17,6.31,08:51:50.744214,
81,1,40,13,14,7.50,20:39:22.903489,
121,1,15,24,16,9.94,07:09:40.606515,
3,1,27,11,12,6.20,13:17:46.904976,
186,1,39,13,19,11.08,08:06:33.771618,
81,1,41,24,16,9.94,15:22:13.6642,
49,1,26,12,13,5.80,12:46:25.231536,
121,1,33,13,14,7.50,02:08:28.206395,
81,1,56,13,19,11.08,07:19:13.592536,
259,1,38,19,27,5.86,08:24:35.002962,
3,1,52,28,17,6.31,21:04:04.758353,
97,1,21,11,12,6.20,05:20:21.69393,
189,1,47,28,17,6.31,14:09:54.766066,
121,1,41,21,22,12.97,23:59:42.418352,
186,1,48,28,17,6.31,18:18:27.440294,
97,1,18,14,15,6.90,01:31:39.881027,
189,1,26,13,14,7.50,18:02:27.636555,
121,1,58,19,27,5.86,10:48:29.311091,
189,1,54,19,27,5.86,11:13:02.730831,
189,1,42,25,19,19.21,14:54:06.214161,
189,1,21,21,22,12.97,22:56:23.118105,
49,1,48,19,27,5.86,06:43:33.850088,
49,1,25,21,22,12.97,03:46:04.556917,
3,1,53,13,24,19.32,16:52:00.189957,
186,1,44,18,28,9.63,03:13:12.416222,
97,1,56,12,13,5.80,14:57:04.260453,
97,1,27,13,24,19.32,11:14:32.058848,
81,1,43,24,16,9.94,06:30:33.593312,
3,1,62,21,22,12.97,13:21:20.350043,
189,1,32,22,30,15.03,19:13:02.341528,
3,1,44,24,16,9.94,08:52:22.798089,
3,1,25,28,17,6.31,16:10:16.653774,
186,1,61,22,30,15.03,22:26:07.63866,
259,1,43,22,30,15.03,07:35:42.132282,
189,1,56,23,26,5.93,14:43:16.797072,
81,1,49,22,14,19.53,21:53:59.057282,
97,1,42,22,30,15.03,15:00:07.884673,
259,1,65,13,18,16.45,18:13:07.690336,
189,1,13,13,24,19.32,16:45:41.246939,
259,1,57,19,27,5.86,03:19:16.542938,
97,1,56,22,14,19.53,16:09:57.794656,
189,1,36,13,14,7.50,04:57:04.533094,
121,1,16,13,24,13.88,12:16:58.983634,
3,1,49,21,22,18.16,16:22:42.975411,
259,1,18,13,24,13.88,04:16:03.299724,
189,1,15,13,18,16.45,08:03:04.990117,
259,1,58,21,22,12.97,11:29:25.824945,
121,1,78,22,14,19.53,18:36:10.154598,
49,1,49,25,19,19.21,09:40:24.118553,
121,1,50,12,13,5.80,07:19:42.693541,
189,1,17,22,14,19.53,11:47:12.11447,
97,1,55,25,19,19.21,13:59:15.285882,
49,1,39,24,16,9.94,19:53:31.133617,
186,1,58,13,24,19.32,18:54:11.176065,
3,1,41,11,12,6.20,14:54:36.874794,
186,1,43,28,17,6.31,12:41:58.205122,
81,1,33,22,30,15.03,16:13:30.216883,
259,1,67,25,22,19.06,17:36:45.643617,
97,1,16,13,14,7.50,12:59:11.775984,
49,1,39,13,24,19.32,10:23:26.270529,
49,1,36,23,26,5.93,18:28:07.290892,
81,1,56,21,20,9.21,12:12:09.771156,
259,1,34,14,15,6.90,06:50:11.421422,
49,1,51,11,12,6.20,21:17:26.050295,
121,1,80,12,13,5.80,09:16:18.971481,
81,1,79,13,18,16.45,23:45:15.541455,
49,1,83,21,22,12.97,11:03:56.367036,
189,1,33,18,13,8.94,17:50:24.271385,
189,1,82,19,27,5.86,11:41:00.147919,
259,1,28,24,16,9.94,00:42:39.600562,
97,1,51,23,26,5.93,21:35:38.240058,
81,1,63,13,24,19.59,23:32:46.520599,
49,1,16,18,28,9.63,16:30:11.4681,
97,1,63,13,24,13.88,17:05:31.117596,
186,1,32,13,24,19.59,11:13:01.213511,
49,1,80,25,19,19.21,19:53:41.094145,
97,1,67,11,12,6.20,20:57:19.681772,
3,1,86,24,16,9.94,03:28:29.280204,
186,1,61,23,22,8.66,12:16:35.213417,
3,1,20,14,15,6.90,14:52:16.568371,
189,1,66,14,15,6.90,09:21:41.265907,
49,1,15,13,19,11.08,19:27:06.334512,
121,1,67,23,26,5.93,01:55:06.673229,
121,1,14,28,17,6.31,01:18:38.394547,
121,1,15,13,24,19.59,04:32:55.861853,
189,1,12,27,26,17.84,21:31:28.492636,
189,1,13,21,22,18.16,12:37:40.251109,
121,1,89,13,24,13.88,07:00:24.744477,
121,1,51,22,30,15.03,13:02:45.510646,
81,1,68,22,30,15.03,15:53:25.730458,
189,1,46,21,22,18.16,09:22:56.526835,
97,1,31,12,13,5.80,00:15:51.593757,
97,1,45,28,17,6.31,18:18:35.338097,
97,1,11,23,29,5.92,00:39:58.961242,
49,1,88,13,18,16.45,03:41:19.931138,
186,1,58,21,20,9.21,11:30:40.569882,
97,1,12,23,26,5.93,17:04:20.530722,
49,1,15,28,17,6.31,07:00:19.225808,
189,1,49,25,22,19.06,05:43:03.311076,
189,1,56,14,15,6.90,18:28:05.999146,
121,1,45,19,27,5.86,21:38:44.535656,
49,1,63,21,22,18.16,05:53:37.249755,
259,1,86,25,22,19.06,19:34:44.941784,
189,1,26,13,24,19.59,05:03:11.216381,
49,1,68,21,20,9.21,13:26:41.478222,
49,1,57,22,14,19.53,09:02:58.25246,
97,1,44,13,24,19.32,05:20:57.322909,
3,1,46,21,20,9.21,09:43:27.175438,
189,1,77,11,12,6.20,22:48:58.549185,
3,1,93,13,19,11.08,08:16:06.049374,
121,1,83,25,29,15.60,06:33:39.265929,
121,1,80,13,24,19.32,00:51:32.378228,
3,1,88,11,12,6.20,17:04:44.212705,
259,1,20,19,27,5.86,01:18:43.840887,
3,1,51,21,24,17.00,03:25:23.333151,
3,1,60,13,19,11.08,05:33:46.631374,
81,1,39,12,13,5.80,05:52:28.170852,
3,1,12,13,14,7.50,07:32:46.415276,
49,1,16,30,16,3.23,20:24:57.897399,
259,1,86,11,12,6.20,02:48:23.684096,
81,1,94,21,22,12.97,19:41:48.083244,
3,1,64,23,26,5.93,23:58:43.626364,
97,1,81,24,30,15.18,03:31:50.793686,
189,1,41,25,29,15.60,05:17:53.575796,
121,1,84,16,16,13.73,00:28:35.040941,
259,1,72,26,23,16.92,15:23:39.525959,
49,1,69,19,27,5.86,02:29:30.965761,
121,1,50,25,29,15.60,22:24:43.307449,
97,1,50,13,14,7.50,11:29:08.603752,
97,1,74,15,21,4.93,18:35:40.039559,
49,1,91,25,19,19.21,11:51:25.483286,
121,1,99,11,12,6.20,21:37:33.792048,
49,1,24,23,29,5.92,01:19:46.971402,
97,1,22,24,16,9.94,08:52:17.420784,
121,1,45,21,12,9.52,21:49:18.8718,
49,1,21,13,24,19.59,17:30:45.981829,
49,1,57,27,21,11.54,16:46:57.502276,
81,1,27,17,27,13.73,21:13:33.356286,
3,1,49,13,24,19.32,15:05:11.050417,
121,1,38,13,24,19.59,13:41:59.369225,
259,1,32,21,20,9.21,01:22:12.527637,
49,1,74,13,14,7.50,07:55:47.198958,
259,1,52,23,26,5.93,10:23:06.306162,
189,1,99,26,23,16.92,12:15:15.702384,
121,1,41,27,21,11.54,12:29:51.172036,
81,1,60,30,16,3.23,04:50:36.048353,
259,1,86,27,21,11.54,05:16:09.809131,
49,1,36,13,24,19.59,00:22:07.903723,
81,1,12,25,29,15.60,06:24:31.488743,
97,1,90,23,29,5.92,12:11:59.207494,
81,1,47,22,14,19.53,08:58:37.24134,
186,1,25,13,19,11.08,06:52:46.070739,
49,1,64,21,12,9.52,10:11:48.317572,
189,1,72,12,13,5.80,20:14:19.480278,
189,1,35,16,25,19.07,23:31:49.465415,
49,1,112,15,25,8.69,03:23:03.404301,
121,1,36,30,12,10.17,07:49:52.040643,
3,1,19,19,27,5.86,10:49:21.60712,
97,1,110,21,20,9.21,03:31:07.291956,
121,1,13,23,29,5.92,02:45:32.105913,
121,1,12,16,15,3.82,20:56:53.612971,
259,1,52,25,29,15.60,04:53:43.300777,
121,1,52,13,24,19.59,00:32:20.653578,
81,1,94,15,19,5.54,07:39:07.98024,
81,1,67,13,18,16.45,12:01:54.143583,
189,1,69,27,21,11.54,09:43:13.042982,
3,1,115,23,26,19.90,16:20:09.490266,
259,1,22,25,29,15.60,05:51:48.408616,
121,1,38,17,27,13.73,15:37:15.858477,
121,1,16,16,15,3.82,12:05:24.836672,
186,1,57,11,12,6.20,02:12:38.954466,
49,1,102,24,30,15.18,08:24:33.721802,
121,1,72,24,16,9.94,23:25:32.265344,
49,1,34,24,16,9.94,01:01:44.419672,
49,1,85,13,24,13.88,17:27:27.324886,
189,1,29,12,30,11.29,06:46:02.456543,
3,1,13,28,17,6.31,17:24:56.731306,
186,1,18,12,30,11.29,22:00:42.639754,
3,1,102,15,25,8.69,06:00:49.440487,
81,1,102,23,29,5.92,06:11:04.622939,
97,1,18,23,26,5.93,15:55:47.128742,
121,1,26,24,16,9.94,12:45:55.215784,
3,1,57,13,24,13.88,14:17:01.389174,
186,1,38,21,12,9.52,18:13:47.080408,
81,1,110,13,24,19.59,02:30:07.268245,
97,1,24,21,24,17.00,13:16:08.56879,
97,1,97,14,16,3.85,08:30:25.797532,
49,1,103,24,24,10.93,09:59:03.421511,
49,1,69,14,16,3.85,21:18:11.222293,
81,1,111,13,19,11.08,08:48:35.692599,
81,1,47,23,29,5.92,12:11:39.17961,
81,1,116,17,27,13.73,10:58:15.144484,
121,1,11,21,20,9.21,10:34:05.993327,
3,1,45,23,26,19.90,03:46:43.743719,
189,1,69,18,28,9.63,04:21:39.384033,
3,1,57,15,25,8.69,05:04:44.483119,
81,1,98,15,19,5.54,15:28:44.717111,
97,1,128,15,25,8.69,00:23:58.371384,
189,1,52,21,20,9.21,21:55:25.811089,
259,1,54,14,15,6.90,18:45:05.955877,
49,1,33,22,14,19.53,14:58:49.810669,
49,1,55,23,26,5.93,14:43:23.801788,
49,1,125,13,18,16.45,11:55:48.270121,
189,1,83,21,12,9.52,00:13:48.008371,
81,1,43,16,16,13.73,12:12:02.437225,
49,1,44,13,14,7.50,22:33:59.550462,
121,1,130,17,27,13.73,16:49:39.441513,
97,1,24,26,23,16.92,11:56:36.956078,
189,1,106,25,30,15.05,11:55:54.847488,
189,1,136,14,16,3.85,15:23:57.250566,
121,1,42,25,22,19.06,15:14:28.544607,
259,1,31,25,19,19.21,00:13:53.795557,
49,1,137,15,25,8.69,02:03:27.328871,
259,1,48,24,30,15.18,07:11:37.763746,
186,1,93,17,27,13.73,08:20:05.343417,
259,1,99,24,16,9.94,02:47:05.075581,
49,1,113,18,28,9.63,07:06:10.551392,
121,1,44,14,15,6.90,01:53:17.373343,
3,1,22,27,26,17.84,01:56:40.035327,
49,1,106,25,22,19.06,05:23:26.599801,
3,1,28,13,24,13.88,10:25:37.877407,
81,1,81,16,15,3.82,00:51:42.436247,
259,1,91,15,21,4.93,03:09:15.194341,
121,1,16,24,24,10.93,13:15:08.557193,
3,1,62,30,12,10.17,01:38:46.633547,
121,1,112,25,30,15.05,21:27:51.641386,
3,1,82,22,27,15.55,00:54:39.222902,
49,1,133,23,26,19.90,12:17:28.539337,
49,1,20,12,30,11.29,18:54:49.727239,
189,1,87,23,29,5.92,11:48:58.538189,
97,1,24,14,16,3.85,15:57:24.071082,
186,1,123,13,19,11.08,15:17:08.122315,
97,1,55,24,24,10.93,07:07:04.765565,
3,1,40,15,21,4.93,13:18:55.848135,
81,1,90,25,22,19.06,14:29:36.276043,
97,1,84,19,27,5.86,08:26:42.329069,
97,1,93,24,24,10.93,10:51:51.473021,
49,1,50,21,20,9.21,12:50:42.338662,
49,1,25,13,24,19.59,19:38:40.733336,
49,1,11,24,24,10.93,08:30:13.550523,
186,1,119,16,12,19.10,12:13:35.146755,
3,1,25,15,25,8.69,18:25:05.270084,
186,1,35,13,24,19.32,08:00:15.207358,
186,1,13,25,22,19.06,05:09:20.273729,
259,1,114,26,13,16.23,17:35:59.003973,
259,1,30,21,12,9.52,02:11:03.645357,
121,1,68,19,27,5.86,13:49:05.516915,
259,1,56,12,23,19.92,07:11:03.062203,
189,1,74,24,30,15.18,12:22:57.705207,
186,1,130,30,16,3.23,06:08:51.412588,
97,1,71,25,30,15.05,00:43:00.070649,
189,1,15,11,12,6.20,20:44:16.928188,
189,1,57,14,26,17.63,14:41:10.941719,
259,1,129,27,21,11.54,11:47:40.068336,
121,1,125,16,16,13.73,08:47:54.612447,
97,1,74,30,21,17.79,10:31:08.990112,
259,1,42,15,14,13.69,06:44:14.328571,
49,1,22,24,26,18.84,13:01:44.923973,
186,1,126,15,20,3.10,21:19:28.991264,
189,1,19,25,19,17.79,04:27:22.041271,
189,1,110,30,12,10.17,14:49:19.100309,
97,1,79,25,19,19.21,22:11:29.775814,
81,1,147,14,15,6.90,02:05:01.677376,
121,1,143,12,23,19.92,10:10:10.599715,
49,1,101,18,13,8.94,01:34:28.001105,
189,1,144,13,18,16.45,08:12:36.422984,
189,1,143,19,27,5.86,19:12:44.444156,
3,1,117,24,25,10.82,20:33:08.890159,
189,1,120,20,11,6.40,05:33:28.592132,
189,1,119,21,20,9.21,09:32:44.822725,
97,1,14,13,14,7.50,19:00:05.27168,
97,1,49,24,26,18.84,05:18:17.905883,
259,1,97,13,24,19.59,04:02:50.467891,
259,1,58,14,26,17.63,06:10:42.210592,
189,1,54,12,13,5.80,22:06:13.403455,
121,1,142,16,25,19.07,08:51:28.927149,
186,1,49,30,12,10.17,19:45:34.460331,
121,1,66,15,25,8.69,03:17:24.581937,
49,1,27,21,22,12.97,04:50:14.048087,
3,1,108,15,19,5.54,06:17:04.064651,
3,1,132,15,14,13.69,19:06:28.336808,
259,1,62,13,24,19.59,18:54:43.525948,
121,1,137,30,21,17.79,06:05:47.615474,
121,1,87,21,20,9.21,06:01:58.997111,
81,1,121,21,12,9.52,07:35:42.934436,
186,1,41,21,19,18.30,23:13:04.785174,
259,1,122,25,22,19.06,03:32:39.412162,
121,1,156,23,26,19.90,14:01:16.29114,
97,1,16,14,26,17.63,08:25:40.055612,
121,1,82,18,28,9.63,08:03:25.752695,
189,1,87,21,22,12.97,21:12:54.890343,
186,1,51,18,28,9.63,12:58:26.815941,
97,1,164,22,14,19.53,08:17:30.250259,
121,1,117,11,11,8.25,04:17:56.813841,
97,1,59,11,19,9.94,23:37:25.20415,
259,1,42,13,14,7.50,09:56:53.207577,
97,1,59,18,13,8.94,00:30:01.955153,
121,1,28,24,30,15.18,17:44:08.194407,
49,1,82,24,25,10.82,12:35:55.729941,
49,1,47,16,25,19.07,03:51:03.447032,
259,1,159,20,23,11.83,11:07:58.753921,
97,1,65,15,19,5.54,07:14:40.581989,
259,1,21,27,26,17.84,12:06:16.913528,
3,1,60,22,30,15.03,16:25:22.479713,
189,1,130,13,14,7.50,07:08:29.35757,
49,1,93,12,13,5.80,03:14:14.394361,
121,1,60,26,23,16.92,19:05:24.140083,
189,1,48,25,17,12.74,09:42:32.668286,
49,1,147,25,29,15.60,13:15:13.585192,
121,1,88,16,15,3.82,15:33:54.532347,
3,1,14,17,27,13.73,05:47:14.907604,
97,1,17,13,14,14.41,00:04:39.143633,
259,1,91,21,24,17.00,08:23:17.870095,
97,1,157,21,22,18.16,19:23:20.818739,
81,1,135,25,30,15.05,20:06:41.167716,
189,1,104,13,24,19.32,07:16:06.639095,
81,1,116,25,29,15.60,23:00:55.958493,
186,1,165,12,13,5.80,07:57:34.420733,
186,1,120,18,28,9.63,21:46:13.592239,
259,1,97,18,28,9.63,01:35:39.305675,
81,1,74,21,22,12.97,03:59:33.883797,
49,1,47,13,14,7.50,00:31:07.878304,
3,1,106,22,30,15.03,10:32:24.653883,
259,1,122,23,22,8.66,17:35:40.17071,
121,1,160,15,25,8.69,20:57:26.230424,
186,1,19,15,20,3.10,00:00:04.448548,
3,1,140,21,24,17.00,02:44:11.507827,
49,1,171,25,22,19.06,13:41:21.796952,
81,1,92,25,29,15.60,23:00:04.774554,
189,1,147,23,26,12.14,02:50:33.896864,
186,1,104,17,27,13.73,18:49:23.885583,
3,1,71,12,23,19.92,09:10:32.604129,
3,1,148,16,25,19.07,00:53:01.079157,
3,1,100,24,16,9.94,08:45:18.187023,
97,1,100,23,26,5.93,09:07:55.333685,
121,1,103,27,26,17.84,12:22:05.214542,
186,1,110,24,30,15.18,11:36:07.749555,
81,1,85,23,29,5.92,16:51:48.790713,
49,1,154,15,21,4.93,07:29:30.839633,
189,1,155,30,16,3.23,07:35:43.101363,
189,1,129,26,23,16.92,22:00:15.161169,
81,1,150,22,14,19.53,21:49:26.566702,
121,1,160,12,23,19.92,03:41:15.250334,
259,1,15,23,26,12.14,02:56:56.284253,
49,1,41,15,14,13.69,12:40:45.035561,
81,1,93,25,22,19.06,06:56:52.245159,
49,1,155,13,24,19.32,05:03:44.138558,
3,1,144,24,24,10.93,06:13:33.029225,
189,1,34,25,16,4.78,12:05:29.433342,
97,1,140,19,27,5.86,22:13:38.617673,
3,1,122,13,24,19.59,20:24:06.840723,
259,1,150,23,24,11.02,09:49:32.033967,
3,1,61,19,20,18.88,02:36:57.86359,
97,1,155,11,12,6.20,18:40:45.739355,
189,1,156,12,13,5.80,22:36:00.366922,
81,1,41,28,17,6.31,09:39:15.838886,
3,1,14,30,14,16.30,09:54:38.705468,
121,1,43,26,23,16.92,23:04:46.013221,
189,1,30,19,24,15.00,00:39:48.115494,
189,1,106,12,30,11.29,15:24:26.27146,
121,1,120,25,19,19.21,10:07:43.675415,
3,1,169,24,16,9.94,12:52:41.896741,
97,1,139,16,25,19.07,18:29:15.529705,
49,1,150,25,30,15.05,22:17:30.553671,
97,1,129,21,24,17.00,08:30:03.796369,
189,1,172,20,11,6.40,14:21:47.850795,
49,1,90,11,19,9.94,19:40:52.003392,
49,1,136,24,25,10.82,04:24:24.180521,
121,1,54,11,12,6.20,13:10:41.618381,
3,1,81,22,16,9.67,19:19:54.154139,
97,1,78,15,13,15.26,22:55:07.347817,
259,1,87,16,12,19.10,01:07:49.658099,
3,1,153,25,16,4.78,00:02:42.931476,
121,1,189,25,30,15.05,16:53:06.832275,
186,1,120,21,15,16.01,23:00:31.608102,
81,1,184,23,18,3.43,09:52:40.247243,
259,1,186,15,20,3.10,20:09:02.709066,
121,1,182,21,22,12.97,00:00:17.098889,
97,1,64,13,21,13.41,06:09:04.093753,
81,1,132,15,13,15.26,16:14:42.413977,
3,1,89,19,26,17.12,17:30:28.00455,
259,1,26,25,29,15.60,16:59:34.721645,
189,1,103,20,11,6.40,15:20:53.085281,
3,1,49,13,18,16.45,23:17:13.11524,
3,1,122,25,30,15.05,21:41:46.180233,
189,1,55,22,30,15.03,15:24:13.893628,
3,1,193,13,19,11.08,18:37:57.930957,
97,1,163,23,26,19.90,16:17:53.895427,
186,1,16,27,26,17.84,13:06:34.489974,
186,1,169,21,19,18.30,23:39:27.439008,
81,1,54,15,13,15.26,20:06:40.66371,
81,1,167,30,16,3.23,03:14:51.599752,
81,1,77,16,16,13.73,00:50:30.643594,
49,1,137,11,24,13.66,14:16:30.374523,
3,1,61,13,14,14.41,19:17:45.053691,
259,1,117,13,21,13.41,08:18:55.756392,
186,1,154,13,18,16.45,09:20:05.416442,
49,1,105,15,25,8.69,18:19:12.900433,
3,1,124,24,24,10.93,17:11:07.808797,
3,1,59,20,19,14.62,19:37:19.702434,1648
186,1,83,20,19,14.62,05:54:44.835944,1648
259,1,38,21,20,9.21,18:36:37.340421,
121,1,156,13,19,11.08,11:06:51.386487,
81,1,78,20,23,11.83,02:31:54.343185,
97,1,171,20,19,14.62,21:11:40.661562,1648
97,1,150,23,18,3.43,00:19:27.973053,
97,1,131,22,27,15.55,01:52:37.612777,
259,1,85,30,14,16.30,18:31:25.230224,
121,1,41,19,27,5.86,23:39:19.016908,
97,1,203,22,30,15.03,23:56:34.712374,
81,1,125,28,28,3.34,04:54:48.504213,
259,1,152,15,19,5.54,18:04:57.33833,
186,1,20,14,28,8.35,07:31:13.276912,
121,1,86,15,20,3.10,05:12:26.021264,
189,1,138,25,19,17.79,00:27:45.490777,
121,1,40,13,14,14.41,02:05:22.172333,
259,1,112,14,15,6.90,10:40:48.189084,
259,1,139,20,19,14.62,11:38:24.170663,1648
189,1,44,23,18,3.43,02:40:00.193218,
3,1,17,11,19,9.94,07:10:10.167988,
121,1,40,26,23,16.92,01:14:50.238098,
121,1,31,20,11,6.40,08:10:17.338846,
186,1,125,15,13,15.26,21:47:23.400364,
259,1,22,23,18,3.43,20:11:49.35452,
97,1,23,16,25,19.07,13:41:35.092378,
186,1,144,28,17,6.31,22:29:15.585372,
186,1,153,13,21,13.41,13:03:54.722581,
97,1,163,24,24,10.93,13:39:34.712104,
189,1,94,22,30,15.03,13:49:35.447839,
121,1,133,25,19,17.79,02:17:03.592037,
186,1,100,20,19,14.62,03:25:32.803658,1648
189,1,63,21,19,18.30,03:42:55.669,
97,1,105,14,28,8.35,03:13:00.717724,
186,1,74,27,26,17.84,22:43:28.541126,
259,1,55,27,13,16.48,20:02:52.20075,
186,1,44,20,19,14.62,00:35:50.471739,1648
81,1,104,15,24,11.61,01:54:51.284234,
259,1,82,30,14,16.30,10:35:23.312516,
49,1,108,23,18,3.43,10:04:16.225753,
49,1,111,25,16,4.78,21:35:59.089925,
81,1,99,20,19,14.62,15:06:59.569207,1648
97,1,131,20,19,14.62,21:03:08.584028,1648
81,1,33,12,30,11.29,11:39:21.988139,
49,1,167,20,19,14.62,09:47:55.356381,1648
49,1,171,23,29,5.92,00:01:35.385797,
189,1,48,23,26,12.14,08:04:43.65542,
3,1,66,27,21,11.54,11:39:42.664441,
49,1,23,20,19,14.62,18:31:13.280855,1648
121,1,144,24,26,18.84,14:01:53.577278,
81,1,28,11,11,8.25,00:53:42.403099,
189,1,20,21,12,9.52,00:54:38.871197,
97,1,140,25,22,19.06,15:57:04.217676,
97,1,24,15,21,4.93,11:24:03.003387,
97,1,73,23,26,19.90,16:19:57.125519,
121,1,20,20,19,14.62,09:20:30.029851,1648
121,1,32,14,26,17.63,18:18:44.001339,
189,1,171,11,12,6.20,09:16:32.489432,
3,1,116,26,23,16.92,04:49:18.958868,
3,1,38,27,21,11.54,15:25:46.394645,
97,1,38,26,13,16.23,19:03:29.949285,
259,1,111,23,25,6.71,03:54:46.941994,
121,1,172,22,27,15.55,00:56:26.213649,
259,1,54,19,20,18.88,13:40:35.187625,
3,1,45,16,12,19.10,23:56:40.256156,
81,1,50,13,19,11.08,16:51:11.999782,
49,1,92,25,19,17.79,11:36:19.746625,
259,1,207,23,18,3.43,20:04:28.663385,
189,1,125,14,15,6.90,02:42:14.84067,
97,1,214,23,29,5.92,14:02:00.331574,
49,1,55,13,21,13.41,10:03:10.488853,
81,1,111,28,11,5.53,04:12:51.373185,
3,1,85,19,26,17.12,21:21:53.552741,
3,1,159,20,19,14.62,19:50:17.833321,1648
97,1,217,15,21,4.93,07:39:54.098766,
121,1,104,19,20,18.88,18:10:24.855067,
121,1,53,16,12,19.10,06:57:09.117454,
121,1,61,16,16,13.73,08:23:16.442726,
97,1,76,21,22,18.16,09:06:41.975194,
81,1,176,25,30,15.05,02:53:35.817394,
97,1,32,20,19,14.62,03:13:05.812727,1648
189,1,66,11,19,9.94,18:15:31.839354,
81,1,164,15,21,4.93,19:03:37.582331,
186,1,114,15,13,15.26,17:56:19.084223,
49,1,74,19,26,17.12,02:45:15.159392,
3,1,120,28,12,10.78,00:10:37.68735,
3,1,59,22,16,9.67,01:11:15.52196,
121,1,14,19,20,18.88,10:44:37.187954,
81,1,205,23,22,8.66,19:03:06.729311,
81,1,143,19,26,17.12,19:47:07.703242,
189,1,117,25,20,4.29,00:48:24.302659,
186,1,149,11,11,8.25,13:10:02.827648,
3,1,108,13,19,11.08,12:47:06.34863,
259,1,64,20,19,14.62,18:08:22.895471,1648
189,1,129,20,19,14.62,12:05:28.294414,1648
3,1,112,13,14,14.41,02:30:17.767627,
259,1,74,21,19,18.30,05:06:00.080897,
186,1,192,13,18,16.45,11:33:11.082234,
97,1,73,20,19,14.62,20:39:08.205875,1648
189,1,39,23,29,5.92,08:40:06.45464,
81,1,106,24,25,10.82,12:59:57.460056,
259,1,177,23,18,3.43,10:54:54.584834,
81,1,143,22,27,15.55,11:15:34.0722,
259,1,169,21,24,17.00,13:51:36.237849,
186,1,66,23,26,12.14,23:10:31.450254,
81,1,144,13,14,14.41,09:22:29.702313,
121,1,108,13,21,13.41,12:17:15.307479,
189,1,90,28,28,3.34,18:01:03.99084,
3,1,18,26,12,14.29,23:55:30.037061,
81,1,215,19,29,15.70,03:01:21.490864,
189,1,159,22,30,15.03,14:26:11.414908,
3,1,232,13,24,19.32,04:13:59.812397,
97,1,164,18,12,9.77,09:15:36.793051,
189,1,55,20,19,14.62,00:03:05.87077,1648
3,1,95,21,22,18.16,00:07:33.130791,
3,1,159,15,14,13.69,20:11:54.1994,
186,1,113,24,26,18.84,02:16:38.946494,
49,1,50,20,19,14.62,01:28:03.803602,1648
49,1,75,20,19,14.62,14:06:55.749596,1648
97,1,152,24,30,15.18,16:58:13.905838,
186,1,103,13,24,13.88,11:52:37.143162,
121,1,22,20,23,11.83,11:31:13.25809,
259,1,244,22,30,15.03,04:00:10.95734,
97,1,127,24,26,18.84,14:35:49.286503,
81,1,82,17,27,13.73,07:20:40.427944,
186,1,100,16,11,11.00,18:23:07.120358,
3,1,47,15,20,3.10,01:33:42.938202,
186,1,130,13,14,14.41,06:28:31.618367,
3,1,155,25,19,19.21,18:16:46.797717,
259,1,117,13,24,19.59,15:59:28.317567,
3,1,244,12,23,6.95,06:38:23.748439,
97,1,57,16,11,11.00,22:48:52.276687,
121,1,132,25,29,15.60,07:47:31.47278,
189,1,107,21,22,18.16,02:16:32.018497,
121,1,241,27,14,16.09,00:04:40.096696,
259,1,17,13,24,13.88,04:31:17.994769,
121,1,48,20,19,14.62,19:04:32.309845,1648
189,1,26,20,19,14.62,12:21:51.708317,1648
259,1,130,20,19,14.62,11:11:24.252785,1648
49,1,73,13,24,13.88,05:24:10.016548,
81,1,202,20,19,14.62,15:26:55.90744,1648
81,1,88,26,23,16.92,00:06:46.567732,
3,1,180,26,23,16.92,16:04:34.702163,
189,1,198,20,19,14.62,15:00:30.998067,1648
49,1,33,20,19,14.62,18:24:37.619816,1648
81,1,65,20,19,14.62,15:35:55.918586,1648
49,1,246,20,19,14.62,17:26:41.916616,1648
186,1,187,12,20,10.41,15:42:34.317094,
189,1,226,20,19,14.62,19:06:20.699239,1648
259,1,35,16,30,14.33,18:19:04.904919,
189,1,250,16,15,10.66,04:33:44.486948,
259,1,176,14,16,3.85,01:39:56.809296,
259,1,11,26,13,16.23,06:35:13.268122,
186,1,132,28,19,5.24,02:31:26.081008,
97,1,34,26,28,5.88,01:51:07.632361,
49,1,249,27,13,16.48,18:00:46.454043,
121,1,102,30,12,10.17,09:55:02.830305,
49,1,222,20,19,14.62,13:26:17.354881,1648
97,1,195,27,13,16.48,05:44:01.650127,
186,1,216,27,26,17.84,19:14:11.939834,
259,1,38,27,13,16.48,17:36:12.207622,
259,1,181,30,16,3.23,18:11:29.285051,
189,1,189,16,15,3.82,10:02:32.844244,
121,1,120,12,23,6.95,13:33:16.136322,
81,1,150,16,25,19.07,14:49:17.052622,
97,1,72,20,19,14.62,01:28:56.303691,1648
186,1,77,13,19,15.73,06:08:54.399681,
49,1,209,15,13,15.26,03:05:57.414787,
3,1,41,12,20,10.41,22:30:29.460345,
97,1,17,25,17,12.74,15:31:53.911139,
3,1,164,28,28,3.34,03:17:35.278516,
3,1,125,30,14,16.61,01:42:15.438671,
121,1,176,12,20,10.41,23:34:20.690807,
97,1,22,13,14,7.50,08:20:57.8461,
81,1,39,16,15,3.82,04:18:27.065921,
97,1,248,20,19,14.62,21:51:03.740028,1648
121,1,169,18,28,9.63,21:40:55.670751,
81,1,154,25,17,12.74,18:12:28.860626,
81,1,251,12,13,5.80,15:40:58.028856,
189,1,15,13,14,7.50,16:59:31.242909,
189,1,143,30,30,10.91,17:16:34.469714,
97,1,28,14,16,3.85,06:08:42.902906,
3,1,42,20,19,14.62,18:57:18.853512,1648
49,1,265,14,15,6.90,08:46:19.512157,
189,1,174,20,19,14.62,00:08:22.654421,1648
81,1,205,19,20,18.88,12:38:22.273234,
97,1,78,13,24,19.32,04:04:56.748516,
259,1,201,24,26,18.84,05:06:38.013214,
97,1,181,28,12,10.78,13:45:17.114514,
81,1,234,12,20,10.41,20:45:28.576046,
97,1,231,20,19,14.62,13:34:36.164758,1648
97,1,35,21,22,12.97,19:17:32.554265,
3,1,172,13,24,19.59,23:06:35.609327,
97,1,115,30,30,10.91,23:31:30.247053,
3,1,173,19,27,5.86,23:51:48.560539,
49,1,166,25,19,19.21,02:23:18.865652,
3,1,195,25,17,12.74,16:29:58.944617,
97,1,135,16,15,3.82,02:27:10.969563,
97,1,224,14,16,3.85,12:24:31.586099,
97,1,28,25,30,15.05,18:05:27.793015,
259,1,182,15,20,3.10,17:47:51.34284,
186,1,30,23,24,11.02,06:40:25.052609,
3,1,83,18,28,9.63,11:01:27.078485,
81,1,236,29,11,6.27,11:34:51.09912,
259,1,62,18,12,9.77,11:47:53.905658,
97,1,61,23,26,12.14,07:28:00.492804,
49,1,234,11,12,16.60,21:10:02.190155,
121,1,108,16,30,14.33,10:40:06.492002,
121,1,58,26,12,14.29,08:01:04.556168,
189,1,37,21,20,9.21,03:47:04.566838,
49,1,54,13,24,13.88,22:42:53.260462,
97,1,212,25,19,19.21,10:49:48.909266,
3,1,146,20,19,14.62,12:15:32.524487,1648
49,1,131,26,13,16.23,07:31:41.356442,
97,1,98,23,22,8.66,01:19:49.765656,
259,1,216,24,16,9.94,03:32:25.030156,
81,1,156,15,24,11.61,11:19:45.561939,
259,1,79,28,11,5.53,09:38:08.305035,
189,1,210,15,25,9.53,19:42:19.600155,
97,1,13,19,24,15.00,09:09:27.95663,
259,1,85,24,26,18.84,02:40:02.597581,
49,1,68,30,14,16.30,18:54:08.137982,
49,1,278,11,27,6.61,18:12:29.196137,
186,1,159,21,15,16.01,04:42:14.430189,
259,1,97,22,16,9.67,18:01:56.189504,
186,1,200,28,11,5.53,19:34:46.447131,
97,1,101,21,22,18.16,01:20:09.985256,
189,1,140,18,13,8.94,22:44:27.81792,
189,1,237,16,17,8.30,20:40:40.018617,
3,1,16,17,27,13.73,08:58:25.872435,
3,1,17,15,24,11.61,03:29:19.322412,
121,1,270,11,19,9.94,02:51:24.94428,
189,1,238,18,13,8.94,22:28:28.913947,
81,1,211,11,11,8.25,15:45:55.765938,
186,1,227,25,16,4.78,09:44:05.029868,
259,1,222,30,14,16.61,09:54:38.388566,
186,1,139,26,12,14.29,19:00:49.711626,
3,1,228,15,24,11.61,20:44:59.317692,
186,1,262,16,15,3.82,00:16:40.105774,
189,1,227,14,28,8.35,05:12:12.44811,
121,1,147,21,30,10.68,15:34:58.342957,
81,1,109,18,24,14.84,03:39:50.83722,
121,1,225,29,11,6.27,08:15:09.225564,
3,1,164,11,12,16.60,09:12:06.499197,
186,1,29,25,14,6.17,16:23:13.36271,1922
121,1,142,15,25,8.69,00:20:18.424675,
3,1,283,15,25,8.69,01:45:20.020819,
186,1,62,25,17,12.74,13:47:51.21668,
186,1,101,25,14,6.17,08:17:13.508189,1922
81,1,78,12,13,5.80,11:15:19.251982,
3,1,12,24,15,13.30,23:54:55.171087,
3,1,36,24,25,10.82,20:30:54.898211,
186,1,225,11,11,6.95,16:43:06.075059,
186,1,189,11,11,6.95,18:51:14.240583,
121,1,172,14,28,8.35,22:43:17.006054,
259,1,236,19,24,15.00,17:32:50.118364,
121,1,237,15,21,4.93,16:01:27.959635,
3,1,107,16,25,19.07,03:06:29.671921,
49,1,109,20,19,14.62,08:06:50.996208,1648
81,1,279,25,14,6.17,02:02:23.04228,1922
3,1,223,25,14,6.17,04:31:30.612857,1922
121,1,207,18,13,8.94,05:27:49.942446,
49,1,159,24,15,13.30,19:04:08.484391,
3,1,231,15,12,5.01,06:03:49.894077,
189,1,160,20,19,14.62,23:08:20.585381,1648
3,1,127,25,14,6.17,16:29:25.508381,1922
3,1,119,21,12,9.52,17:04:53.566625,
189,1,89,11,11,6.95,07:54:47.897525,
81,1,38,22,14,19.53,20:42:08.389301,
81,1,214,16,30,14.33,23:35:37.708531,
186,1,274,24,15,13.30,15:52:02.561389,
259,1,25,21,12,9.52,04:39:41.027428,
49,1,11,19,26,17.12,08:15:39.171114,
121,1,176,20,19,14.62,11:32:36.79701,1648
49,1,194,20,19,14.62,08:46:29.921959,1648
97,1,170,12,23,19.92,20:55:27.4345,
186,1,196,15,20,3.10,09:41:25.37846,
81,1,269,25,20,4.29,00:24:56.127304,
186,1,228,25,30,15.05,03:39:45.327739,
81,1,105,22,16,3.28,06:39:20.472552,
186,1,258,15,25,9.53,20:11:46.603718,
259,1,17,18,23,4.31,00:33:14.585281,
259,1,28,25,14,6.17,18:20:54.231547,1922
81,1,82,11,27,6.61,13:09:24.195134,
189,1,49,13,24,19.59,05:56:53.660921,
97,1,233,21,19,18.30,08:35:06.867444,
3,1,177,25,14,6.17,09:27:56.628318,1922
121,1,141,25,14,6.17,20:37:02.013939,1922
259,1,301,16,25,19.07,19:22:36.601888,
97,1,280,21,12,9.52,09:56:09.098877,
189,1,256,28,19,5.24,18:31:49.547455,
3,1,235,18,24,14.84,04:02:32.791416,
186,1,173,20,19,14.62,11:16:59.157751,1648
186,1,25,21,24,17.00,04:03:15.407205,
189,1,112,30,14,16.61,07:38:05.201139,
3,1,244,12,20,10.41,21:54:32.681085,
121,1,269,11,12,6.20,21:34:51.49562,
97,1,89,16,12,19.10,04:14:02.009593,
121,1,158,24,15,13.30,17:32:55.78204,
121,1,87,20,19,14.62,07:16:35.826449,1648
121,1,31,25,14,6.17,11:44:39.582174,1922
97,1,115,16,30,14.33,21:30:05.458424,
121,1,76,15,24,11.61,07:13:00.556489,
186,1,125,30,14,16.30,18:22:53.673833,
121,1,124,15,25,9.53,09:29:01.690092,
259,1,53,30,12,10.17,11:23:40.861651,
186,1,189,28,19,5.24,06:07:12.662086,
189,1,157,28,12,10.78,14:06:18.331987,
189,1,212,25,14,6.17,14:28:46.327559,1922
121,1,263,18,12,9.77,03:36:25.253372,
189,1,159,14,16,3.85,13:25:21.470113,
49,1,294,11,24,13.66,16:38:52.299104,
121,1,63,15,12,5.01,14:24:48.950883,
49,1,30,18,24,10.79,18:59:41.938206,
97,1,92,20,19,14.62,22:39:35.06473,1648
49,1,274,18,13,8.94,20:00:20.730589,
186,1,153,16,25,19.07,04:28:21.682255,
186,1,178,20,19,14.62,17:49:49.832341,1648
189,1,153,24,15,13.30,15:28:48.939059,
186,1,98,12,30,11.29,06:58:17.984185,
81,1,319,11,12,16.60,12:04:56.558693,
97,1,243,30,21,17.79,18:57:38.93302,
189,1,131,16,17,8.30,20:58:31.801476,
3,1,76,20,19,14.62,11:35:48.717048,1648
189,1,199,25,17,12.74,00:48:10.008955,
3,1,24,29,11,6.27,01:11:52.52211,
189,1,298,21,30,10.68,11:45:59.366795,
189,1,266,14,28,8.35,21:38:11.353316,
81,1,96,13,19,11.08,19:44:23.824744,
3,1,60,24,16,9.94,22:27:18.449461,
97,1,211,13,21,13.41,18:42:37.153466,
189,1,96,28,17,6.31,07:41:03.113552,
189,1,67,14,23,3.77,10:16:09.621542,
259,1,139,28,12,10.78,00:47:20.575314,
3,1,81,13,19,15.73,21:58:38.905857,
259,1,128,23,29,5.92,02:09:12.969446,
186,1,214,24,25,10.82,15:41:38.376443,
97,1,105,20,19,14.62,18:17:16.80549,1648
259,1,109,18,23,4.31,18:24:37.344687,
259,1,212,13,14,7.50,14:35:24.910593,
81,1,107,13,24,19.32,07:46:50.246636,
97,1,217,22,23,17.73,03:26:48.283156,
259,1,306,23,22,8.66,17:10:07.632311,
3,1,124,19,27,5.86,08:33:09.745185,
121,1,88,25,29,15.60,02:52:11.807432,
97,1,328,26,23,16.92,12:18:22.494768,
49,1,101,21,16,13.47,00:13:46.407826,
81,1,268,15,12,5.01,09:47:00.504497,
81,1,268,20,19,14.62,08:44:53.943861,1648
121,1,100,21,30,10.68,01:51:46.014546,
186,1,127,20,19,14.62,20:04:47.206275,1648
81,1,158,15,13,15.26,23:28:25.930474,
49,1,23,18,23,4.31,16:54:14.79206,
259,1,44,23,24,11.02,02:25:26.622461,
259,1,282,23,24,11.02,02:32:58.897195,
3,1,152,25,16,4.78,00:07:02.137116,
97,1,113,25,14,6.17,01:53:56.93957,1922
121,1,158,30,14,16.61,03:06:22.135304,
97,1,225,12,23,6.95,05:26:08.653775,
49,1,247,13,24,19.32,03:40:05.267589,
81,1,334,21,19,18.30,14:08:34.989863,
81,1,14,23,26,5.93,16:38:23.908031,
3,1,236,14,25,9.59,01:32:49.648326,
186,1,65,21,20,9.21,11:05:08.423525,
97,1,173,12,23,19.92,12:46:05.380642,
121,1,271,22,16,9.67,13:14:16.567445,
186,1,220,25,30,15.05,12:05:49.230905,
3,1,121,14,16,3.85,22:48:25.118186,
81,1,333,21,24,17.00,18:58:08.428009,
49,1,208,22,25,19.44,17:18:39.982887,
49,1,169,11,12,6.20,15:29:24.378595,
121,1,45,22,23,17.73,22:41:12.997232,
3,1,224,20,19,14.62,18:29:51.424125,1648
186,1,277,19,17,10.39,12:10:28.118989,
3,1,135,11,11,8.25,08:54:35.310343,
121,1,40,16,12,19.10,00:04:34.582201,
97,1,150,14,23,3.77,08:20:01.848357,
81,1,146,19,26,17.12,09:53:30.559236,
259,1,192,20,29,12.29,19:56:03.206717,
186,1,17,15,20,16.76,12:43:53.358356,
121,1,203,30,30,10.91,23:54:26.744174,
3,1,163,20,13,4.46,16:22:53.676814,
3,1,94,25,14,6.17,07:54:17.245948,1922
259,1,343,14,29,6.53,06:47:36.322489,
49,1,26,25,13,13.39,09:58:27.239763,
3,1,297,24,30,15.18,01:09:55.41949,
3,1,128,21,13,17.83,20:59:01.011528,
259,1,48,12,25,5.99,12:31:41.882513,
186,1,337,11,11,8.25,12:12:39.662576,
186,1,77,22,23,17.73,16:07:58.628476,
81,1,201,22,25,19.44,13:02:41.120569,
186,1,62,21,16,13.47,19:03:16.530381,
259,1,214,18,12,9.77,02:00:23.219379,
3,1,159,16,15,3.82,03:13:21.730527,
186,1,302,21,22,18.16,19:20:44.013834,
3,1,60,30,30,10.91,14:53:56.223691,
3,1,193,12,13,5.80,03:20:23.601396,
121,1,21,25,17,12.74,05:55:19.108315,
97,1,21,18,24,10.79,02:02:35.289548,
121,1,257,29,30,17.60,05:22:07.722857,
81,1,34,15,20,3.10,13:58:24.068619,
189,1,59,15,13,15.26,09:47:24.300843,
81,1,287,21,13,17.83,06:38:06.789021,
259,1,196,22,25,19.44,11:59:42.540124,
3,1,319,21,15,16.01,12:32:39.901446,
189,1,80,16,15,3.82,23:06:08.354594,
186,1,279,17,27,13.73,02:26:37.297091,
189,1,259,20,19,14.62,15:21:23.398167,1648
81,1,210,22,27,15.55,03:37:08.008565,
186,1,98,25,14,6.17,02:46:43.600619,1922
97,1,179,25,14,6.17,11:59:12.749768,1922
3,1,48,25,14,6.17,17:34:04.494778,1922
81,1,184,30,30,10.91,11:55:20.3913,
81,1,18,17,27,13.73,00:16:06.677946,
49,1,240,30,30,10.91,07:49:49.207917,
189,1,214,25,14,6.17,11:07:56.511009,1922
121,1,279,18,12,9.77,17:19:10.739691,
259,1,185,23,24,10.31,16:37:28.59209,
97,1,103,14,26,17.63,07:00:27.417923,
49,1,125,16,25,19.07,08:39:24.235965,
259,1,136,15,20,3.10,04:16:06.150295,
49,1,288,13,24,19.59,19:15:56.384152,
186,1,92,16,17,8.30,10:11:22.512661,
121,1,200,21,20,9.21,22:14:32.278678,
186,1,218,21,20,9.21,01:32:57.76482,
97,1,349,20,19,14.62,00:54:54.961693,1648
121,1,244,27,21,11.54,13:59:33.194155,
49,1,304,28,12,10.78,08:35:59.923037,
3,1,30,25,14,6.17,04:20:10.665758,1922
259,1,176,13,19,15.73,03:05:37.716712,
81,1,50,24,15,13.30,16:40:38.22735,
49,1,202,27,30,3.11,22:02:39.428412,
259,1,194,16,12,13.89,10:04:10.834669,1794
49,1,82,11,12,16.60,05:25:12.089951,
121,1,338,19,29,15.70,08:00:39.110099,
97,1,203,16,20,10.11,10:46:37.826871,
81,1,69,24,26,18.84,10:34:39.908654,
97,1,140,21,20,9.21,15:10:05.204354,
189,1,67,15,13,15.26,22:19:13.612681,
121,1,219,11,27,6.61,00:17:50.420115,
186,1,39,13,21,13.41,13:45:08.641671,
186,1,156,19,25,5.77,05:04:20.311919,
3,1,48,11,11,8.25,09:05:56.164335,
97,1,115,13,19,18.28,06:26:08.676874,
121,1,225,22,25,19.44,08:33:41.348459,
189,1,278,27,14,16.09,14:29:51.096651,
81,1,113,11,24,13.66,02:18:59.963487,
189,1,323,20,23,11.83,23:00:11.027363,
3,1,293,25,14,6.17,23:52:27.396149,1922
3,1,216,13,14,7.50,11:09:32.932507,
121,1,157,11,19,9.94,04:59:01.042956,
121,1,306,25,14,6.17,09:26:51.285846,1922
189,1,59,29,29,7.78,01:40:35.482514,
97,1,102,21,20,9.21,22:13:57.00345,
49,1,306,25,30,15.05,11:06:56.778804,
186,1,237,20,19,14.62,00:12:02.173924,1648
259,1,168,16,12,13.89,14:01:50.54441,1794
81,1,210,21,30,10.68,16:38:22.36518,
259,1,38,16,17,8.30,12:09:36.232318,
97,1,56,18,13,8.94,10:11:46.788301,
189,1,306,21,19,18.30,16:47:55.255199,
49,1,50,14,16,3.85,05:17:25.926224,
259,1,225,18,28,9.63,07:44:49.224902,
3,1,182,26,13,16.23,00:20:53.420208,
49,1,114,25,14,6.17,01:40:41.961312,1922
259,1,19,25,13,13.39,11:56:37.932537,
81,1,38,20,13,4.46,00:20:14.113461,
259,1,297,17,30,12.05,06:56:27.877266,
186,1,248,21,24,17.00,01:13:16.692961,
3,1,167,30,14,16.61,19:32:39.14141,
189,1,220,29,11,6.27,06:54:38.148702,
49,1,256,20,19,14.62,03:00:19.098764,1648
3,1,111,30,14,16.30,07:18:41.439,
189,1,346,15,25,9.53,17:22:08.89281,
259,1,135,17,27,13.73,18:29:31.802279,
121,1,310,21,24,17.00,05:45:56.330676,
259,1,334,25,14,6.17,14:53:09.988252,1922
186,1,108,30,14,16.30,06:10:51.116431,
259,1,159,30,30,10.91,03:15:52.436319,
259,1,306,29,23,9.42,08:58:24.391664,
186,1,199,16,20,10.11,22:55:58.844695,
81,1,150,19,23,15.72,23:02:42.538169,
3,1,129,19,29,15.70,13:42:49.64168,
259,1,150,17,30,12.05,08:33:49.006802,
97,1,323,25,14,6.17,13:01:13.2358,1922
49,1,294,28,26,6.52,15:42:20.584885,
186,1,277,12,20,10.41,01:48:18.271832,
81,1,265,25,29,15.60,22:14:31.496409,
259,1,278,21,13,8.74,07:16:04.161639,
259,1,77,30,16,3.23,18:48:41.792312,
3,1,62,29,11,6.27,08:51:19.100323,
121,1,153,28,19,5.24,10:39:06.813758,
189,1,17,23,26,19.90,20:41:33.662385,
259,1,236,17,27,13.73,12:20:51.039501,
81,1,195,12,20,13.11,00:34:45.351073,
189,1,32,25,22,19.06,11:05:43.792071,
189,1,207,20,19,14.62,14:13:39.138043,1648
259,1,20,26,18,11.64,16:21:15.158394,
186,1,80,29,29,7.78,17:21:21.876357,
121,1,295,16,12,19.10,05:14:20.493769,
49,1,298,23,26,12.14,16:22:27.874834,
3,1,359,25,14,6.17,16:43:36.710541,1922
3,1,242,16,12,13.89,11:04:06.356641,1794
49,1,342,28,19,5.24,15:16:30.751215,
121,1,316,16,12,13.89,18:08:11.622442,1794
121,1,142,16,12,13.89,09:33:53.162175,1794
189,1,68,19,26,17.12,18:57:32.575575,
97,1,340,29,30,17.60,08:46:27.709374,
49,1,203,23,22,8.66,14:42:55.470702,
97,1,290,16,30,14.33,09:50:44.203448,
189,1,250,25,14,6.17,14:08:31.911207,1922
3,1,312,15,14,13.69,01:42:14.61626,
81,1,364,16,12,13.89,12:48:28.769591,1794
81,1,358,15,15,7.47,09:27:17.266225,
259,1,330,21,15,16.01,05:45:06.77597,
3,1,13,20,19,14.62,23:31:34.41398,1648
186,1,203,26,24,13.95,20:45:15.995372,
3,1,226,12,25,5.99,07:58:28.799432,
97,1,371,20,19,14.62,21:39:37.368219,1648
121,1,57,21,20,9.21,16:28:28.063472,
121,1,122,13,14,17.48,14:38:03.79088,
97,1,236,15,15,7.47,01:12:20.73997,
189,1,258,24,13,5.87,12:36:55.776156,
3,1,181,25,14,6.17,00:36:41.385535,1922
259,1,41,16,21,9.67,13:48:07.024065,
121,1,317,21,22,12.97,03:51:18.936382,
81,1,120,22,27,15.55,10:33:25.107006,
259,1,138,16,20,10.11,14:40:42.589008,
186,1,149,16,16,13.73,21:51:22.240905,
121,1,373,16,17,8.30,01:24:16.902772,
121,1,182,30,30,10.91,10:30:14.035089,
97,1,111,26,18,11.64,23:12:20.61651,
189,1,132,20,19,14.62,13:24:23.140005,1648
121,1,334,30,30,10.91,22:44:11.01494,
97,1,109,11,19,9.94,13:29:48.433882,
121,1,59,13,14,14.41,06:49:58.183247,
81,1,128,12,13,5.80,15:10:14.61517,
121,1,150,29,23,9.42,15:06:11.171362,
3,1,325,19,20,5.58,18:34:29.817293,
49,1,208,11,24,13.66,06:52:20.957913,
97,1,147,29,30,17.60,18:18:14.296476,
121,1,378,20,19,14.62,08:17:11.163162,1648
49,1,214,21,24,17.00,13:59:57.644223,
3,1,134,22,27,15.55,06:31:44.421944,
49,1,117,22,25,19.44,11:13:54.772586,
49,1,384,16,20,10.11,16:47:20.116577,
259,1,166,16,16,13.73,07:13:40.583806,
259,1,26,25,20,4.29,07:15:02.204053,
81,1,52,25,14,6.17,22:04:25.379236,1922
49,1,358,22,14,19.53,16:22:29.846379,
81,1,113,26,18,11.64,00:53:58.592853,
121,1,348,11,30,10.01,02:05:12.024564,
259,1,175,15,30,12.47,03:32:34.660518,
49,1,349,14,23,3.77,23:45:17.638673,
121,1,145,26,15,14.65,11:40:56.945324,
97,1,105,15,20,3.10,04:45:53.214273,
3,1,339,12,12,14.63,21:57:24.985535,
3,1,85,12,23,19.92,20:00:34.029111,
186,1,169,12,12,16.22,16:13:21.257639,1799
186,1,107,12,12,16.22,04:12:14.592591,1799
49,1,384,15,20,3.15,22:39:47.970605,
3,1,256,19,17,10.39,16:54:16.324302,
186,1,373,15,24,11.61,10:34:46.308841,
3,1,23,25,29,15.60,03:35:54.241383,
259,1,30,30,16,3.23,12:05:55.551321,
186,1,344,19,25,19.71,19:56:21.696403,
81,1,50,29,30,17.60,09:44:13.11827,
81,1,156,15,20,3.10,10:16:38.501451,
49,1,260,22,14,19.53,21:09:14.364652,
189,1,310,17,27,13.73,00:13:34.978339,
259,1,249,14,23,3.77,06:18:28.027889,
259,1,235,21,19,18.30,15:13:23.865505,
121,1,182,25,20,4.29,02:50:13.023412,
49,1,319,16,26,18.97,06:50:08.381928,
97,1,301,14,15,6.90,21:44:08.237605,
121,1,198,25,14,6.17,09:06:11.993701,1922
189,1,339,29,11,6.27,20:37:54.589154,
259,1,368,13,14,17.48,19:34:55.301094,
189,1,331,16,12,13.89,05:45:25.672497,1794
81,1,112,18,18,12.33,10:08:16.824009,
121,1,276,14,15,6.90,01:16:01.591112,
189,1,70,11,30,10.01,11:59:39.047586,
3,1,116,20,19,14.62,08:54:02.47611,1648
259,1,160,12,12,16.22,00:02:29.411993,1799
49,1,176,16,12,13.89,17:59:17.548611,1794
189,1,270,23,29,5.92,20:29:53.364936,
121,1,335,12,23,19.92,22:59:45.211354,
97,1,350,25,13,13.39,05:07:42.562399,
97,1,207,16,12,13.89,06:01:54.267234,1794
121,1,235,16,12,13.89,17:27:50.992119,1794
81,1,365,27,14,16.09,03:53:53.192967,
259,1,341,20,19,14.62,00:12:16.034775,1648
259,1,57,28,16,16.06,07:04:01.712397,
259,1,132,20,26,11.24,20:13:17.999889,
121,1,54,22,16,9.67,08:25:44.281022,
49,1,236,28,12,10.78,17:40:24.355703,
81,1,88,29,29,7.78,08:27:41.912389,
189,1,22,14,26,17.63,05:28:58.692387,
259,1,228,13,19,11.08,16:40:42.640448,
186,1,165,20,19,14.62,06:04:41.848708,1648
189,1,338,22,16,9.67,17:03:27.02292,
81,1,135,21,22,18.16,06:58:45.906257,
189,1,246,23,25,6.71,12:07:28.390987,
3,1,282,24,14,4.05,05:27:13.193226,
81,1,356,18,23,4.31,07:18:25.163148,
189,1,30,30,14,16.61,05:26:20.931736,
3,1,368,14,15,6.90,05:39:05.892716,
186,1,249,30,24,3.88,17:43:26.446445,
186,1,349,14,16,3.85,10:36:35.171229,
81,1,208,20,19,14.62,19:16:15.975151,1648
97,1,354,23,28,15.04,17:55:41.886391,
121,1,298,16,11,11.00,01:06:16.011729,
3,1,174,12,23,6.95,06:03:04.220335,
97,1,225,15,30,12.47,02:37:14.617757,
97,1,244,25,30,15.05,14:16:38.777556,
81,1,43,25,14,6.17,07:33:55.966966,1922
49,1,392,27,26,15.54,05:21:36.979592,
121,1,182,19,20,5.58,13:10:46.607021,
259,1,58,20,19,14.62,12:27:54.597084,1648
49,1,26,25,16,4.78,18:12:43.224984,
189,1,408,25,14,6.17,00:20:43.093393,1922
81,1,150,18,12,9.77,01:09:00.280216,
49,1,97,15,12,5.01,03:52:56.572956,
97,1,356,23,26,12.14,06:53:03.246196,
189,1,242,20,13,4.46,12:04:59.498228,
81,1,116,11,27,6.61,05:10:41.060166,
121,1,66,25,14,6.17,12:13:55.847135,1922
97,1,38,15,24,11.61,00:49:30.0047,
189,1,334,20,19,14.62,17:52:39.160414,1648
81,1,368,16,16,13.73,02:20:02.229621,
259,1,117,15,25,8.69,12:38:16.013651,
81,1,296,18,13,8.94,06:19:31.211228,
186,1,58,18,12,9.77,12:20:00.270348,
3,1,219,12,25,5.99,13:09:58.760631,
3,1,71,19,27,5.86,21:11:23.015262,
81,1,18,20,27,10.44,09:26:38.771929,
121,1,340,28,17,6.31,16:05:31.825782,
97,1,74,27,21,11.54,18:29:16.706412,
49,1,190,15,21,4.93,08:17:49.993734,
189,1,91,25,27,10.94,07:41:21.005057,
3,1,179,25,27,10.94,23:48:48.343126,
3,1,367,19,23,15.72,05:15:37.808313,
121,1,251,11,21,4.46,16:59:03.512984,
186,1,27,20,19,14.62,05:01:18.026902,1648
81,1,280,25,14,6.17,14:49:47.221505,1922
3,1,239,24,13,5.87,11:26:25.939027,
259,1,64,22,14,19.53,12:26:23.79877,
189,1,368,16,12,13.89,02:00:38.572711,1794
3,1,273,16,12,13.89,02:27:52.58807,1794
3,1,248,29,27,19.90,13:38:45.812081,
259,1,18,28,11,4.00,07:25:52.280852,
3,1,192,29,27,19.90,15:53:41.323296,
3,1,338,27,15,9.81,13:58:20.332032,
3,1,53,11,12,16.60,00:04:55.380546,
189,1,209,15,12,5.01,18:00:40.938205,
121,1,192,11,30,10.01,01:26:02.801312,
121,1,254,16,12,19.10,20:53:42.978319,
3,1,263,11,11,6.95,23:50:02.111604,
186,1,277,11,21,4.46,00:14:56.171544,
3,1,224,29,18,14.06,23:34:47.018342,
259,1,219,23,18,3.43,06:48:07.696245,
81,1,49,25,14,6.17,08:49:49.083673,1922
189,1,173,27,14,16.09,13:06:25.640923,
186,1,413,25,14,6.17,13:36:48.583888,1922
189,1,174,18,23,4.31,19:19:59.947498,
81,1,34,12,12,16.22,23:05:06.713912,1799
49,1,314,14,26,17.63,13:38:05.359419,
3,1,249,16,25,19.07,23:25:59.916969,
97,1,241,21,19,18.30,08:36:05.781292,
189,1,87,19,25,5.77,10:24:12.575487,
49,1,380,15,20,3.15,16:08:24.391658,
121,1,191,20,19,14.62,07:28:18.275535,1648
97,1,300,28,19,5.24,04:34:49.107629,
49,1,320,29,11,6.27,18:24:51.578677,
259,1,392,14,28,8.35,02:42:20.798839,
259,1,254,13,21,13.41,18:55:47.385383,
186,1,73,16,12,13.89,16:58:57.277981,1794
81,1,136,21,16,13.47,18:00:01.750682,
49,1,400,20,19,14.62,19:21:44.350068,1648
81,1,203,17,26,4.68,22:05:21.978889,
81,1,90,18,12,9.77,05:33:18.364684,
3,1,309,16,20,10.11,03:41:43.647328,
121,1,131,25,14,6.17,02:54:15.771965,1922
189,1,50,16,12,19.10,05:42:01.454517,
3,1,196,16,21,14.18,22:51:29.963821,
49,1,282,20,19,14.62,20:09:07.242913,1648
186,1,406,27,26,17.84,20:21:07.269575,
3,1,47,20,19,14.62,11:07:38.284881,1648
259,1,263,21,30,10.68,13:37:22.390319,
3,1,97,19,29,15.70,02:57:47.095931,
121,1,54,21,30,10.68,16:59:12.639665,
189,1,322,11,30,10.01,09:27:42.894077,
259,1,287,28,11,5.53,03:03:47.562062,
121,1,38,12,12,16.22,21:30:14.371248,1799
121,1,31,17,24,13.44,18:22:10.689312,
97,1,311,24,26,18.84,02:35:37.266627,
121,1,216,12,23,19.92,18:09:54.154074,
186,1,109,23,24,15.78,06:49:33.245934,
259,1,409,16,12,19.10,18:28:56.068127,
259,1,379,23,28,15.04,08:06:36.958588,
49,1,305,13,19,15.73,12:59:40.141851,
3,1,345,25,14,6.17,03:22:54.519155,1922
3,1,67,25,29,15.60,22:38:10.438114,
49,1,290,23,29,5.92,20:40:28.639968,
186,1,391,28,17,6.31,18:43:29.445492,
259,1,261,12,23,19.92,07:37:49.064709,
49,1,205,25,14,6.17,12:31:26.705723,1922
121,1,120,23,24,11.02,11:32:56.561125,
49,1,309,28,11,4.00,22:32:54.737054,
259,1,79,29,27,4.96,01:59:20.889787,
259,1,226,23,24,11.02,06:58:42.258858,
186,1,20,24,17,8.97,10:04:44.165661,
3,1,196,20,23,11.83,15:30:48.768285,
189,1,263,28,14,7.51,03:24:17.496361,
189,1,143,27,14,16.09,20:29:46.603562,
49,1,268,16,12,13.89,03:44:01.431525,1794
81,1,13,18,24,10.79,01:47:52.851425,
81,1,211,16,21,14.18,16:46:46.342988,
186,1,39,25,14,6.17,20:23:06.817227,1922
259,1,427,15,26,17.74,16:15:29.567634,
49,1,263,19,23,15.72,06:06:49.226288,
186,1,224,12,26,10.05,17:25:44.546596,
189,1,12,20,19,14.62,17:18:42.570021,1648
189,1,187,19,23,15.72,15:10:32.792164,
121,1,106,13,24,4.58,08:44:35.726574,
121,1,218,30,30,10.91,14:59:35.979687,
121,1,232,22,27,15.55,17:51:39.988425,
189,1,44,17,26,4.68,04:11:05.745353,
49,1,135,24,19,16.39,11:46:05.810683,
189,1,392,28,11,4.00,15:40:14.86241,
189,1,371,25,14,6.17,15:25:46.593542,1922
259,1,299,13,14,14.41,04:36:34.246894,
259,1,152,15,30,12.47,07:13:33.045162,
49,1,355,24,24,10.93,13:09:57.433958,
81,1,253,26,12,14.29,21:34:15.14076,
189,1,173,16,12,13.89,16:05:27.655061,1794
189,1,364,25,14,6.17,01:36:56.694284,1922
3,1,96,23,26,5.93,00:44:24.316019,
189,1,143,24,26,18.84,07:01:24.944494,
259,1,427,21,13,17.83,19:50:48.355576,
49,1,60,28,19,5.24,06:52:11.767642,
81,1,186,20,19,14.62,22:22:22.348959,1648
259,1,14,15,13,15.26,19:55:39.236785,
121,1,376,19,20,5.58,21:02:46.770735,
259,1,306,20,29,12.29,16:25:34.571066,
121,1,314,20,19,14.62,22:54:26.721515,1648
3,1,119,20,19,14.62,20:45:17.026301,1648
186,1,418,28,11,4.00,02:54:56.076224,
3,1,111,28,19,5.24,14:05:56.638794,
3,1,399,25,19,17.79,18:02:58.640625,
81,1,211,28,11,5.53,20:23:32.01088,
81,1,420,23,24,15.78,07:20:14.359963,
259,1,376,21,24,17.00,11:57:04.532907,
97,1,266,15,28,17.79,11:35:45.221584,
81,1,417,25,14,6.17,00:29:57.342224,1922
3,1,324,23,18,3.43,18:43:42.640805,
3,1,467,12,26,10.05,16:39:20.250908,
97,1,396,23,18,3.43,23:07:51.39261,
49,1,324,16,20,15.90,18:29:25.908787,
186,1,377,12,12,16.22,04:16:44.451167,1799
186,1,88,12,12,16.22,03:56:46.550108,1799
97,1,378,16,12,13.89,23:11:35.092591,1794
49,1,262,18,23,4.31,10:23:41.549239,
97,1,431,13,24,13.88,07:32:02.599173,
97,1,213,17,27,13.73,02:46:00.114082,
81,1,380,20,19,14.62,03:02:27.410396,1648
81,1,241,13,19,11.08,05:51:11.051554,
3,1,83,15,15,7.47,19:32:49.710558,
259,1,328,25,30,15.05,05:51:13.123517,
259,1,89,25,14,6.17,16:42:41.773396,1922
121,1,473,28,27,17.92,06:49:40.093659,
49,1,305,16,12,19.10,12:40:12.215292,
49,1,204,28,28,3.34,00:28:07.89255,
121,1,205,16,12,13.89,06:37:57.325194,1794
186,1,329,25,14,6.17,16:31:48.18553,1922
81,1,327,15,25,9.53,10:35:03.820907,
259,1,422,28,14,9.18,18:55:30.031587,
189,1,310,20,27,10.44,12:54:29.726777,
3,1,264,16,12,13.89,19:58:15.087167,1794
189,1,463,25,25,5.42,08:02:15.1452,
3,1,438,21,15,16.01,03:21:56.104349,
186,1,216,28,19,5.24,09:04:10.80653,
259,1,62,19,26,17.12,05:31:37.473148,
186,1,49,28,28,3.34,15:50:27.915454,
121,1,327,20,23,11.83,17:34:20.27368,
186,1,166,15,20,3.15,19:30:53.368954,
189,1,446,12,20,13.11,22:31:10.460131,
49,1,423,15,16,15.76,00:26:35.20379,
189,1,186,19,24,15.00,17:20:41.801797,
49,1,411,23,25,6.71,12:42:08.998495,
121,1,164,25,14,6.17,04:37:53.854743,1922
121,1,13,16,30,14.33,17:16:36.660913,
49,1,478,29,30,17.60,09:07:29.925957,
49,1,239,16,20,15.90,03:02:43.391887,
121,1,287,25,29,15.60,16:12:08.694835,
121,1,108,25,16,4.78,10:11:32.495792,
97,1,253,22,26,8.19,20:02:56.808997,
81,1,403,28,16,16.06,00:59:38.633289,
189,1,424,25,14,6.17,11:38:44.41277,1922
49,1,243,24,25,10.82,06:34:46.735441,
97,1,356,17,30,12.05,13:29:01.575747,
97,1,154,20,19,14.62,01:02:42.015676,1648
81,1,284,18,12,9.77,06:00:38.893856,
186,1,438,12,30,11.29,07:12:48.983055,
121,1,369,16,12,13.89,14:55:54.271023,1794
259,1,449,19,17,10.39,08:03:27.588893,
186,1,53,25,30,15.05,00:57:28.07402,
3,1,80,23,26,12.14,18:45:00.307144,
189,1,127,19,25,19.71,17:24:37.282191,
81,1,72,12,12,14.63,01:40:36.353119,
186,1,250,25,17,12.74,04:40:45.095879,
3,1,165,20,11,6.40,00:52:36.989815,
259,1,318,25,14,6.17,07:59:20.37534,1922
259,1,477,16,12,19.10,20:14:35.096543,
49,1,59,15,19,5.54,09:42:37.323587,
259,1,126,13,14,14.41,00:08:50.897784,
81,1,83,15,12,5.01,04:09:32.38187,
97,1,174,16,12,13.89,19:55:27.745438,1794
259,1,412,16,12,13.89,14:47:28.060074,1794
186,1,57,30,14,16.61,14:38:13.496889,
81,1,105,28,17,6.31,01:35:42.496035,
81,1,382,19,25,19.71,03:05:08.920673,
189,1,379,20,19,14.62,23:54:58.896669,1648
189,1,386,26,24,13.95,09:43:21.54645,
3,1,40,20,19,14.62,21:08:31.491839,1648
259,1,426,17,26,4.68,10:21:43.807242,
259,1,304,24,14,7.91,20:06:25.517463,
97,1,486,24,17,8.97,01:07:31.822598,
186,1,233,15,12,5.01,14:12:49.440795,
49,1,479,21,24,17.00,21:50:25.560283,
97,1,80,18,28,9.63,06:18:30.600602,
259,1,314,23,26,19.90,03:06:26.239609,
81,1,367,25,14,6.17,09:21:19.774765,1922
81,1,81,28,16,16.06,03:58:32.521288,
97,1,84,24,26,18.84,13:17:47.543653,
97,1,287,28,28,3.34,12:28:25.60376,
97,1,299,20,23,11.83,06:22:48.358621,
186,1,311,25,23,11.32,22:40:44.911049,
186,1,302,15,15,7.47,22:02:38.03231,
97,1,393,14,15,6.90,02:39:14.060825,
186,1,209,15,25,8.69,15:03:59.56822,
189,1,443,20,22,7.19,19:05:22.233259,
186,1,435,28,12,10.78,19:58:38.063916,
3,1,355,20,19,14.62,11:08:42.019641,1648
97,1,403,17,27,13.73,00:23:00.271205,
121,1,329,12,26,10.05,02:25:44.171219,
3,1,419,15,21,4.93,05:51:30.585457,
259,1,131,16,12,13.89,18:32:02.141531,1794
186,1,221,20,19,14.62,12:23:35.203167,1648
259,1,455,21,19,18.30,06:12:00.974009,
81,1,293,28,27,17.92,14:45:07.994747,
81,1,197,15,24,11.61,09:35:34.306375,
49,1,251,21,13,17.83,09:27:58.382445,
49,1,435,14,16,3.85,18:58:20.621029,
81,1,294,16,17,11.97,10:20:36.549513,
3,1,187,12,12,16.22,21:01:41.497145,1799
259,1,279,15,30,12.47,07:43:38.211225,
3,1,331,25,14,6.17,22:40:52.288885,1922
186,1,418,20,23,11.83,08:20:25.114456,
97,1,408,14,16,3.85,13:42:40.138381,
81,1,415,29,18,14.06,15:42:01.692717,
81,1,484,19,20,18.88,09:07:41.822487,
49,1,250,28,12,10.78,13:55:21.501018,
97,1,285,13,24,4.58,05:21:10.852407,
97,1,55,17,30,12.05,12:21:35.392617,
189,1,448,22,26,8.19,14:24:34.690568,
259,1,144,29,11,6.27,02:42:09.486552,
259,1,86,24,14,4.05,10:20:04.070048,
81,1,281,13,14,17.48,09:54:00.492091,
121,1,393,25,14,6.17,05:17:23.706586,1922
186,1,345,20,19,14.62,19:00:25.310316,1648
259,1,61,19,23,15.72,12:51:05.161959,
81,1,164,19,25,5.77,15:57:11.006096,
49,1,55,26,15,14.65,23:01:55.592809,
186,1,187,25,19,19.21,07:47:25.199869,
97,1,206,12,26,15.49,07:14:35.060481,
121,1,11,16,20,15.90,11:54:33.214955,
3,1,42,11,12,16.60,05:22:34.94941,
3,1,258,16,16,4.20,01:32:54.78281,
49,1,436,23,28,7.99,12:27:26.003771,
3,1,249,24,14,7.91,09:05:36.533255,
259,1,198,16,12,13.89,16:54:47.832063,1794
97,1,21,20,19,14.62,07:08:44.017936,1648
49,1,147,13,24,19.59,05:36:06.421084,
3,1,503,29,26,19.93,20:29:25.608756,
259,1,197,19,20,9.65,19:38:27.39316,
121,1,356,15,21,4.93,01:56:35.678576,
121,1,52,27,15,9.81,18:26:14.812055,
121,1,252,17,25,4.09,08:29:46.631028,
49,1,485,25,25,5.42,22:26:36.009604,
189,1,299,20,25,5.34,13:59:08.301209,
259,1,77,14,25,9.59,02:51:32.551013,
81,1,215,16,12,13.89,15:44:04.302016,1794
49,1,421,19,28,18.93,03:17:48.234223,
259,1,381,24,14,7.91,18:49:54.565577,
3,1,241,20,19,14.62,14:43:29.592417,1648
97,1,386,11,12,18.59,11:37:11.907206,
3,1,136,24,19,16.39,13:16:46.64542,
3,1,185,13,24,4.58,15:41:06.075949,
97,1,163,23,29,5.92,11:49:18.966177,
186,1,437,14,29,8.20,04:22:04.119547,
49,1,271,16,25,19.07,17:12:30.530596,
121,1,214,20,26,12.80,10:51:19.262939,
81,1,369,25,14,6.17,02:56:42.811168,1922
3,1,425,24,17,8.97,15:06:14.883989,
97,1,386,16,12,13.89,07:56:53.240742,1794
186,1,294,20,19,14.62,23:12:27.795946,1648
49,1,519,20,23,11.83,20:43:48.409716,
259,1,378,19,25,19.71,17:14:56.287128,
81,1,491,18,12,9.77,19:47:00.92392,
97,1,83,25,14,6.17,08:06:14.128452,1922
3,1,59,19,25,19.71,21:50:20.495489,
121,1,32,16,26,18.97,04:53:36.845769,
121,1,271,20,19,14.62,11:40:34.509298,1648
3,1,398,15,15,7.47,23:20:32.512097,
97,1,13,27,13,16.48,15:16:02.893685,
49,1,500,27,26,10.35,14:43:56.682939,
81,1,223,30,16,3.23,22:06:53.521068,
3,1,219,26,15,14.65,15:56:17.569039,
49,1,329,26,16,6.47,19:52:27.52437,
49,1,139,20,22,7.19,13:13:03.732552,
3,1,194,20,13,4.46,03:29:36.020745,
97,1,271,13,27,13.07,20:40:59.203547,
3,1,403,28,28,3.34,12:52:29.587678,
259,1,161,17,28,10.89,10:52:34.449964,
3,1,366,20,21,15.98,15:52:04.194772,
97,1,177,15,15,7.47,21:42:37.12971,
81,1,372,29,22,6.45,08:35:03.603443,
81,1,452,16,16,13.73,16:32:15.519211,
189,1,458,24,16,9.94,20:03:05.636891,
97,1,89,24,30,15.18,12:51:11.81251,
81,1,499,19,20,18.88,01:24:05.861863,
49,1,142,30,12,10.17,15:20:49.464277,
3,1,208,20,26,11.24,03:09:23.625578,
186,1,325,21,13,8.74,22:48:30.986808,
259,1,53,26,21,17.26,01:46:13.772467,
81,1,86,18,24,14.84,23:31:35.40029,
121,1,528,26,12,14.29,15:03:09.896472,
49,1,100,23,26,12.14,07:57:26.387066,
97,1,275,28,19,5.24,00:13:19.778893,
186,1,427,28,26,6.52,17:05:36.39376,
259,1,97,24,18,16.61,08:39:03.315569,
121,1,499,20,27,10.44,18:37:08.273358,
189,1,167,25,14,6.17,23:10:55.96358,1922
121,1,484,12,12,16.22,05:45:48.890458,1799
186,1,327,15,19,5.54,23:07:57.48084,
259,1,46,20,19,14.62,13:33:29.437126,1648
189,1,232,16,12,13.89,16:56:29.494612,1794
259,1,405,25,23,11.75,13:47:47.072089,
259,1,549,20,23,11.83,08:49:56.816667,
3,1,290,25,23,11.32,08:25:50.705051,
81,1,374,14,25,9.59,06:37:08.393707,
3,1,192,20,19,14.62,17:50:44.131122,1648
121,1,402,24,14,7.91,00:54:54.799468,
189,1,520,30,14,16.30,20:46:45.801482,
189,1,213,11,12,6.20,00:56:28.146435,
81,1,542,12,12,14.63,21:29:30.111282,
81,1,47,19,27,5.86,11:04:05.886785,
189,1,105,19,26,17.12,16:41:30.314278,
186,1,402,20,26,11.24,15:42:26.574742,
121,1,151,24,17,8.97,19:49:38.193066,
189,1,486,29,11,6.27,19:57:08.574123,
186,1,485,16,16,13.73,04:14:24.053435,
189,1,407,16,15,3.82,18:32:08.850865,
97,1,519,21,22,18.16,22:00:13.114752,
259,1,535,25,14,6.17,10:12:48.462565,1922
97,1,110,11,11,8.25,08:52:32.252146,
97,1,310,17,25,4.09,13:48:49.683784,
3,1,373,15,14,13.69,07:33:05.136218,
49,1,90,16,20,10.11,19:53:27.519162,
121,1,498,20,27,10.44,05:35:54.756778,
121,1,348,26,21,17.26,23:19:37.466753,
49,1,383,25,14,6.17,23:23:30.630669,1922
97,1,447,16,12,13.89,05:22:54.328797,1794
259,1,403,25,16,4.78,06:50:02.562388,
81,1,375,16,20,10.11,09:24:05.929225,
259,1,139,26,15,14.65,10:48:19.186698,
186,1,238,20,25,5.34,20:49:48.337428,
121,1,538,20,19,14.62,09:52:36.555976,1648
121,1,146,13,19,18.28,12:07:58.04623,
81,1,52,24,30,15.18,02:35:35.318244,
186,1,73,11,23,6.37,18:49:11.280694,
3,1,519,16,17,11.97,05:51:45.479159,
81,1,350,30,14,16.30,14:03:35.480894,
189,1,551,25,13,18.58,03:25:01.029791,
97,1,294,12,26,10.05,22:00:12.861369,
259,1,350,17,20,19.08,17:52:40.909894,
81,1,280,12,12,16.22,23:10:12.642166,1799
49,1,54,12,20,13.11,01:17:43.829271,
3,1,439,25,14,6.17,08:42:16.528128,1922
186,1,60,12,13,16.47,06:27:34.222147,
81,1,464,25,14,6.17,09:10:21.717791,1922
259,1,155,25,14,3.31,08:59:20.082924,
186,1,202,17,19,11.82,17:24:18.518182,
49,1,409,12,20,13.11,16:54:31.287782,
49,1,457,14,14,10.38,06:00:42.217218,
49,1,76,28,14,7.51,18:15:53.085796,
186,1,18,28,11,5.53,16:16:09.388262,
259,1,563,25,30,15.05,03:30:45.597003,
81,1,356,28,28,3.34,13:02:57.55304,
186,1,403,15,20,3.15,10:06:37.423125,
189,1,329,19,20,9.65,08:57:45.158672,
121,1,384,26,25,19.83,13:31:10.339842,
97,1,479,11,13,19.54,15:20:24.728739,
81,1,349,23,18,3.43,01:42:37.435657,
81,1,441,17,30,12.05,02:49:23.549525,
189,1,503,20,19,14.62,19:51:11.198062,1648
81,1,437,20,19,14.62,04:00:23.141049,1648
97,1,375,28,28,3.34,18:05:48.213101,
259,1,291,20,19,14.62,14:51:41.379271,1648
49,1,511,25,14,6.17,13:21:09.071906,1922
49,1,245,14,26,17.63,08:52:00.596178,
81,1,450,16,12,13.89,13:54:46.862782,1794
49,1,75,16,11,11.00,16:25:10.865591,
97,1,487,25,14,6.17,11:34:12.797664,1922
97,1,312,11,13,19.54,09:19:15.88666,
186,1,19,29,11,6.27,10:38:46.036753,
81,1,247,20,19,14.62,04:02:11.70415,1648
186,1,330,24,24,10.93,09:20:37.299471,
97,1,388,26,20,5.58,17:36:46.699819,
189,1,480,26,13,16.23,22:34:43.741964,
81,1,545,24,30,15.18,05:18:06.70931,
3,1,504,11,13,19.54,22:16:10.005913,
3,1,338,21,12,9.52,06:16:38.017344,
49,1,481,20,11,6.40,12:09:45.701651,
186,1,200,30,14,16.30,08:59:13.445097,
3,1,336,18,24,14.84,07:58:48.371939,
3,1,479,25,14,6.17,02:38:34.822321,1922
81,1,382,20,19,14.62,13:12:08.7118,1648
121,1,292,14,16,3.85,07:28:22.040553,
81,1,338,28,11,4.00,20:35:59.140965,
3,1,90,16,12,13.89,09:20:51.014509,1794
189,1,287,22,26,8.19,15:37:00.104969,
189,1,523,15,20,3.10,16:09:59.017089,
49,1,287,12,13,5.80,02:41:39.886521,
121,1,401,15,29,6.35,18:56:46.961519,
49,1,525,20,23,11.83,04:20:48.178648,
189,1,59,25,13,13.39,04:10:31.706007,
189,1,47,18,18,17.91,20:15:18.878438,
259,1,381,16,17,8.30,00:33:23.606742,
189,1,390,15,25,9.53,11:03:56.16766,
186,1,428,30,14,16.61,23:32:54.850558,
81,1,234,28,27,17.92,10:02:17.286381,
186,1,129,17,28,10.89,03:17:11.576145,
186,1,75,21,22,18.16,17:41:34.98526,
121,1,574,21,22,12.97,01:14:55.493505,
121,1,157,15,16,15.76,08:59:24.375416,
49,1,232,14,14,10.38,17:37:26.436919,
121,1,514,11,23,6.37,07:13:51.522037,
81,1,321,11,23,6.37,02:57:04.616539,
186,1,121,13,14,7.46,00:56:13.369005,
81,1,290,12,12,16.22,09:36:09.783898,1799
186,1,50,26,23,16.92,18:42:37.692715,
186,1,472,20,19,14.62,17:03:37.067297,1648
186,1,299,24,26,18.84,20:30:45.034031,
121,1,118,21,13,17.83,15:50:55.239515,
81,1,120,20,22,7.19,00:17:42.199774,
186,1,555,20,19,14.62,19:09:45.717781,1648
3,1,24,13,14,7.46,12:16:46.564216,
81,1,269,25,16,4.78,11:16:02.565642,
189,1,209,20,19,14.62,12:42:45.770072,1648
121,1,63,19,26,17.12,03:33:19.383673,
81,1,229,29,19,5.51,18:41:58.218701,
81,1,123,20,19,14.62,01:29:52.976725,1648
49,1,145,24,18,16.61,07:05:40.403536,
49,1,307,20,19,14.62,05:29:09.30109,1648
259,1,308,26,15,14.65,07:45:24.360734,
81,1,219,20,19,14.62,03:44:57.512817,1648
97,1,261,25,14,3.31,21:53:30.0327,
121,1,414,15,19,5.54,05:30:14.925668,
189,1,85,16,12,13.89,23:24:34.659269,1794
81,1,80,25,13,19.73,17:55:20.103823,
186,1,39,25,25,17.15,15:27:55.314286,
259,1,219,13,24,19.32,13:16:15.716962,
97,1,416,25,14,6.17,19:55:32.618669,1922
3,1,207,12,12,16.22,01:15:54.713599,1799
81,1,241,16,11,11.00,00:27:11.285146,
49,1,68,17,30,12.05,08:31:28.802412,
81,1,117,28,16,16.06,13:17:23.574626,
3,1,269,19,20,5.58,20:30:43.545431,
189,1,520,22,17,3.49,14:13:39.488162,
3,1,327,17,25,4.09,01:05:18.239667,
3,1,61,13,24,13.88,00:50:45.411186,
259,1,387,28,17,9.17,09:30:15.395379,
49,1,176,16,17,8.30,20:22:50.540991,
186,1,489,12,23,6.95,20:16:31.621001,
97,1,572,20,19,14.62,21:24:53.018089,1648
186,1,47,25,14,6.17,18:29:07.746673,1922
186,1,59,11,24,13.66,20:07:56.405478,
121,1,248,25,14,6.17,21:04:29.142285,1922
186,1,20,12,21,15.66,12:15:13.715985,
121,1,344,25,16,4.78,11:51:40.242994,
3,1,473,16,12,13.89,17:01:47.896165,1794
97,1,253,12,21,18.02,22:16:49.480085,
97,1,270,22,16,3.28,05:52:49.336579,
81,1,539,25,30,15.05,12:42:29.345849,
97,1,472,20,25,5.34,22:50:13.568956,
81,1,369,21,30,10.68,22:54:05.284152,
81,1,125,20,16,14.10,13:23:54.145175,
81,1,385,25,13,13.39,12:44:40.25056,
49,1,188,23,26,19.90,07:14:59.857705,
189,1,586,25,25,5.42,21:55:53.556626,
81,1,57,29,22,6.45,10:09:29.288408,
259,1,96,20,11,6.40,01:55:25.831807,
121,1,230,20,19,14.62,20:22:12.3755,1648
189,1,328,16,12,13.89,12:27:05.364563,1794
81,1,389,12,30,11.29,14:36:08.73526,
189,1,321,28,26,6.52,11:20:26.475044,
97,1,572,11,27,6.61,09:10:20.292122,
186,1,381,19,24,15.00,16:08:45.548625,
3,1,85,27,13,16.48,00:31:07.672084,
121,1,512,18,13,8.94,21:53:17.279033,
49,1,64,25,15,3.15,02:11:03.87657,
121,1,365,26,23,16.92,22:39:08.477591,
259,1,477,24,14,7.91,18:14:38.614435,
186,1,51,25,14,6.17,14:07:25.302517,1922
186,1,491,14,11,5.39,11:39:41.121356,
3,1,351,26,20,5.58,11:03:06.5969,
49,1,413,13,24,19.32,16:41:34.720539,
3,1,405,25,14,6.17,14:48:48.214769,1922
3,1,118,20,15,9.81,14:37:48.645022,
189,1,473,21,13,8.74,10:09:22.000274,
81,1,161,27,26,10.35,19:17:55.935599,
189,1,101,22,26,8.19,17:51:54.800406,
97,1,49,11,12,6.20,19:33:11.893599,
97,1,39,17,19,8.14,02:20:35.753721,
97,1,370,15,25,9.53,12:54:01.262954,
189,1,612,20,26,11.24,18:44:53.980164,
97,1,212,16,12,13.89,07:50:38.792477,1794
121,1,468,25,14,6.17,08:13:52.85983,1922
121,1,498,15,28,17.79,05:00:56.620638,
186,1,563,29,24,10.12,06:31:15.889385,
3,1,451,16,12,13.89,21:00:16.047078,1794
49,1,386,27,26,15.54,01:54:18.484427,
189,1,378,16,30,14.33,02:23:13.834339,
3,1,472,30,30,10.91,09:07:17.192774,
3,1,597,28,11,4.00,11:46:01.909817,
189,1,153,25,14,6.17,16:46:20.140153,1922
121,1,607,30,30,10.91,21:12:26.96003,
259,1,445,28,26,6.52,10:04:06.342087,
49,1,143,29,22,6.45,15:50:48.506638,
189,1,576,15,14,13.69,12:59:43.276492,
189,1,334,20,29,12.29,07:09:14.412771,
189,1,273,25,23,11.32,11:28:09.939932,
81,1,530,19,16,11.99,17:03:10.35074,
121,1,77,20,19,14.62,08:16:15.231263,1648
49,1,531,13,14,14.41,02:46:54.648339,
186,1,18,29,23,9.42,05:07:47.557479,
121,1,180,19,23,15.72,07:06:59.524571,
97,1,596,21,12,12.84,23:01:49.392219,
259,1,509,22,30,15.03,09:12:36.262553,
49,1,351,16,15,3.82,08:40:11.897103,
97,1,114,22,25,19.44,07:20:29.364148,
259,1,567,25,14,6.17,00:39:03.529964,1922
259,1,332,26,18,11.64,11:57:59.16403,
81,1,118,16,15,10.66,00:43:20.942738,
81,1,465,20,21,15.98,08:58:49.998784,
186,1,530,20,26,11.24,02:25:08.85241,
97,1,552,20,26,12.80,23:47:11.915971,
81,1,477,18,20,8.59,07:18:11.017657,
189,1,181,19,26,17.12,20:22:43.118939,
186,1,22,17,30,12.05,13:27:20.450828,
81,1,171,25,14,6.17,00:12:22.05076,1922
259,1,476,28,13,16.51,00:27:27.798565,
121,1,457,13,14,7.73,06:30:06.072368,
121,1,231,25,14,6.17,01:23:35.690148,1922
259,1,311,15,25,9.53,12:21:00.694786,
49,1,354,24,25,10.82,21:14:57.3178,
97,1,156,22,25,19.44,07:56:17.141493,
97,1,241,14,29,6.53,20:58:11.042864,
186,1,422,13,19,15.73,00:16:58.187115,
189,1,494,13,24,13.88,01:31:03.598933,
97,1,226,21,13,17.83,02:31:42.134857,
81,1,217,25,13,19.73,17:52:31.897236,
81,1,435,22,27,15.55,23:52:43.440791,
97,1,360,14,11,5.39,05:17:03.266281,
81,1,564,22,20,4.81,14:17:23.007564,
49,1,431,25,14,6.17,07:22:43.836021,1922
189,1,562,25,14,6.17,15:57:24.075982,1922
121,1,544,14,23,3.77,10:14:18.729864,
121,1,384,19,25,5.77,08:10:55.903675,
189,1,46,28,26,6.52,05:16:09.02172,
81,1,450,25,19,19.21,04:10:56.26726,
189,1,588,26,27,15.27,08:22:05.031058,
189,1,267,26,25,19.83,10:11:38.276129,
97,1,542,22,15,10.34,04:04:39.318841,
81,1,224,16,12,13.89,01:52:25.75741,1794
97,1,344,28,14,7.51,16:11:03.482642,
189,1,496,24,18,16.61,07:07:51.181848,
97,1,609,20,19,14.62,03:01:49.696651,1648
189,1,208,23,24,10.31,14:54:31.505745,
81,1,432,24,22,18.12,08:28:05.106637,
259,1,531,25,14,6.17,02:34:15.26192,1922
259,1,369,29,25,13.78,02:42:09.486514,
3,1,33,25,14,6.17,20:35:40.05037,1922
186,1,107,22,26,8.19,04:14:13.554236,
121,1,180,16,21,9.67,04:46:39.242171,
121,1,247,17,20,19.08,19:29:44.619239,
81,1,343,14,16,3.85,05:53:32.971959,
121,1,393,16,15,10.66,00:36:33.907467,
3,1,278,26,19,6.38,15:10:58.298899,
189,1,373,20,19,14.62,10:32:47.146411,1648
97,1,93,27,19,4.25,14:09:50.822179,
121,1,457,16,12,19.10,16:09:39.584409,
186,1,41,15,25,9.53,22:21:32.461723,
189,1,518,11,11,6.95,20:27:30.536244,
3,1,453,15,30,12.47,19:55:47.611493,
97,1,288,12,12,16.22,16:50:10.849099,1799
49,1,440,12,21,15.66,18:47:18.690236,
189,1,547,11,12,18.59,13:03:55.557523,
49,1,286,25,14,6.17,07:26:16.975352,1922
259,1,497,25,14,6.17,03:08:54.391833,1922
121,1,115,16,12,13.89,00:13:20.868356,1794
186,1,466,23,24,11.02,05:40:37.39892,
121,1,615,29,11,6.27,01:47:19.220033,
189,1,273,28,28,3.34,04:20:04.3164,
49,1,228,19,29,15.70,00:31:27.839995,
81,1,571,19,16,11.99,09:55:30.103223,
97,1,513,16,12,13.89,02:04:09.838211,1794
121,1,309,24,22,18.12,14:59:18.563326,
186,1,295,19,25,5.77,01:52:11.484477,
97,1,111,13,14,17.48,14:14:01.326935,
186,1,462,29,30,17.60,00:45:27.0208,
259,1,572,13,14,7.46,09:13:14.674331,
49,1,573,16,12,13.89,23:33:47.559362,1794
186,1,82,14,11,5.39,07:48:38.677709,
186,1,296,13,14,7.46,11:00:53.906081,
121,1,142,27,13,16.48,19:51:37.285573,
49,1,273,26,20,5.58,08:53:38.085252,
121,1,197,15,18,14.13,07:05:53.827474,
3,1,186,16,12,19.10,18:26:31.609161,
49,1,591,11,11,6.95,12:36:55.966429,
189,1,220,28,12,10.78,11:33:39.237998,
259,1,568,23,29,5.92,09:31:13.339627,
121,1,78,27,26,10.35,13:44:32.092654,
121,1,571,17,30,12.05,06:03:16.098662,
189,1,319,26,13,16.23,09:04:58.334739,
259,1,430,25,14,6.17,07:04:16.782626,1922
189,1,234,19,28,18.93,04:57:26.645051,
81,1,223,13,24,4.58,21:57:56.952087,
49,1,154,29,27,19.90,20:56:20.817504,
186,1,48,30,14,16.30,06:46:29.02712,
49,1,582,25,16,4.78,19:50:07.171626,
49,1,420,25,30,15.05,18:00:46.839709,
121,1,276,21,22,18.16,04:36:27.574853,
81,1,371,30,12,10.17,03:35:03.358423,
3,1,147,27,26,15.54,04:28:39.965719,
49,1,34,15,30,12.47,18:53:50.26168,
186,1,533,16,12,13.89,14:52:11.822624,1794
49,1,544,26,21,17.26,06:23:20.89062,
49,1,170,14,28,19.52,06:17:34.754736,
259,1,194,26,24,13.95,19:53:55.051192,
97,1,644,23,24,15.78,20:20:30.715937,
81,1,180,12,12,16.22,22:35:54.216484,1799
189,1,98,25,13,4.15,18:11:36.160142,
186,1,340,24,19,16.39,10:34:37.0965,
81,1,213,11,11,6.95,20:23:48.164387,
49,1,125,25,17,12.74,12:28:04.926977,
49,1,627,26,25,19.83,19:01:15.800222,
189,1,12,15,13,15.26,11:46:03.164607,
259,1,633,14,23,13.68,13:38:08.779308,
189,1,330,15,25,8.69,19:55:31.743547,
186,1,102,19,23,15.72,20:56:29.91785,
186,1,21,15,25,8.69,16:25:18.461923,
259,1,11,19,30,18.58,03:41:00.604664,
121,1,595,13,19,18.28,19:55:35.618826,
81,1,409,26,18,11.64,14:27:05.278566,
186,1,514,22,14,8.35,15:48:36.609811,
186,1,264,26,19,6.38,16:47:11.467146,
97,1,538,27,13,16.48,04:04:01.671019,
49,1,459,26,18,11.64,10:56:39.169147,
97,1,156,27,23,9.86,00:58:48.480177,
97,1,311,16,12,13.89,00:31:06.150739,1794
121,1,571,24,25,10.82,13:35:02.276229,
97,1,460,21,16,13.47,21:49:51.862874,
259,1,418,16,21,14.18,00:18:56.566595,
97,1,502,11,11,8.25,03:51:54.343404,
189,1,211,24,19,16.39,04:47:59.093784,
121,1,69,20,19,14.62,02:10:50.596264,1648
121,1,525,16,12,13.89,11:44:29.913295,1794
81,1,57,18,25,6.39,01:21:52.271757,
49,1,388,15,14,5.92,03:40:47.054267,
121,1,655,24,19,16.39,00:33:40.823564,
3,1,483,15,20,16.76,16:46:26.507405,
49,1,57,16,12,13.89,10:21:41.4682,1794
189,1,514,25,30,15.05,12:45:54.53292,
121,1,259,26,19,6.38,02:44:33.318753,
97,1,630,20,19,14.62,05:39:25.39397,1648
49,1,253,12,12,14.63,04:45:56.919884,
121,1,615,26,23,16.92,11:02:55.387313,
121,1,299,25,14,6.17,21:03:30.986347,1922
186,1,366,13,14,7.73,21:47:55.713373,
189,1,351,16,12,13.89,04:25:39.482375,1794
3,1,18,13,24,4.58,23:05:37.318625,
186,1,183,13,14,14.41,23:49:46.088767,
189,1,608,16,12,13.89,15:27:45.639004,1794
186,1,182,12,12,14.63,02:39:04.348336,
121,1,659,27,13,16.48,11:47:45.004832,
97,1,123,23,26,12.14,12:40:55.212968,
97,1,120,16,12,13.89,02:56:26.414673,1794
3,1,425,25,29,15.60,04:39:01.458573,
3,1,631,16,12,13.89,01:07:07.670253,1794
3,1,51,13,14,17.48,17:21:08.024552,
121,1,643,28,17,6.31,22:19:16.025039,
97,1,197,23,24,10.31,15:28:37.704927,
3,1,657,12,12,16.22,17:30:20.612522,1799
3,1,173,15,21,4.93,07:33:23.958232,
3,1,553,25,14,6.17,08:18:52.965739,1922
259,1,367,24,16,9.94,14:32:52.205822,
97,1,344,21,13,8.74,14:31:00.651232,
3,1,358,19,12,10.89,23:59:12.217536,
81,1,548,28,17,6.31,04:17:23.278186,
121,1,107,14,16,3.85,08:24:40.603465,
49,1,560,30,12,10.17,08:22:47.094424,
49,1,550,21,22,12.97,05:43:41.635175,
97,1,520,14,15,6.90,16:22:41.479548,
3,1,178,25,20,10.52,16:27:02.109872,
189,1,207,26,26,8.29,17:15:47.298717,
186,1,620,25,14,6.17,13:35:00.383819,1922
186,1,114,26,15,14.65,12:53:41.692436,
189,1,677,20,19,14.62,17:35:49.468634,1648
121,1,103,12,12,16.22,04:38:05.694923,1799
49,1,420,16,12,13.89,06:19:48.64858,1794
81,1,621,20,19,14.62,04:46:32.69486,1648
49,1,128,19,25,5.77,14:08:04.811726,
259,1,367,17,25,4.09,16:11:07.755081,
97,1,659,16,20,10.11,14:35:01.606716,
97,1,69,16,12,13.89,03:50:27.380632,1794
97,1,438,16,12,13.89,02:37:48.939406,1794
3,1,433,25,13,19.73,05:34:38.040967,
121,1,310,16,12,13.89,08:14:23.684006,1794
186,1,310,19,18,11.57,15:53:18.259838,
81,1,412,25,14,6.17,19:58:50.247977,1922
97,1,89,15,15,7.47,02:18:30.35883,
189,1,69,29,27,4.96,05:51:08.316205,
121,1,29,18,12,9.77,21:33:10.711723,
3,1,180,15,25,9.53,12:57:29.649922,
186,1,666,16,15,3.82,23:46:43.33408,
97,1,124,27,22,16.19,14:24:25.522759,
49,1,57,25,14,6.17,03:44:57.165931,1922
49,1,26,15,19,5.54,04:29:08.111892,
259,1,502,16,21,9.67,12:44:57.266471,
81,1,25,16,12,13.89,21:51:08.828062,1794
121,1,461,15,24,7.98,21:45:29.867985,
3,1,248,22,16,3.28,05:33:45.080204,
97,1,667,19,29,15.70,19:11:30.645837,
49,1,353,25,14,6.17,15:25:10.906699,1922
259,1,551,26,18,11.64,13:33:33.628434,
49,1,496,24,25,10.82,15:31:24.469594,
97,1,25,21,27,9.33,00:29:24.660863,
97,1,160,16,12,13.89,05:15:59.580814,1794
121,1,172,25,19,14.06,01:31:11.882579,
259,1,661,13,14,17.48,19:16:04.540264,
3,1,72,29,29,7.78,00:25:29.064686,
97,1,679,23,28,15.04,15:10:36.156589,
121,1,95,25,22,19.06,05:15:02.598821,
81,1,463,23,26,12.14,11:21:31.887113,
3,1,497,18,24,10.79,19:37:56.807191,
3,1,15,28,17,9.17,10:28:51.261533,
97,1,628,19,11,8.33,20:11:24.115377,
189,1,422,28,27,18.80,13:03:10.672297,
189,1,566,16,12,13.89,15:42:39.890469,1794
81,1,301,25,14,6.17,11:09:16.205538,1922
97,1,292,17,26,4.68,09:21:37.757939,
49,1,303,13,24,19.32,18:59:55.047311,
81,1,678,17,15,11.35,19:49:34.456987,
97,1,277,25,30,15.05,06:42:20.592994,
3,1,130,14,28,19.52,10:00:59.131169,
97,1,83,25,16,4.78,07:28:38.768493,
259,1,616,12,12,16.19,07:15:46.947052,
259,1,649,16,16,13.73,00:37:30.941248,
121,1,130,16,12,13.89,05:03:45.85251,1794
3,1,627,25,19,17.79,16:24:34.401608,
186,1,366,25,14,6.17,05:23:30.591586,1922
49,1,482,15,25,8.69,14:30:56.078593,
97,1,476,12,12,16.22,00:42:38.821833,1799
3,1,339,16,23,6.09,21:14:33.044116,
259,1,187,25,14,6.17,07:49:08.053605,1922
259,1,515,16,18,7.30,10:07:51.897183,
121,1,186,16,12,13.89,20:00:31.359689,1794
259,1,215,26,13,16.23,01:07:11.164114,
49,1,209,12,24,7.01,01:07:47.972926,
49,1,66,11,23,6.37,13:12:06.968835,
186,1,338,25,14,6.17,22:38:04.910748,1922
186,1,450,25,14,6.17,18:30:21.985898,1922
49,1,45,15,14,13.69,10:17:29.884816,
189,1,155,22,27,15.55,12:04:04.236231,
97,1,692,25,14,6.17,20:50:48.698738,1922
3,1,641,12,30,11.29,11:47:30.684586,
81,1,149,13,19,11.08,17:38:18.342263,
3,1,51,23,18,3.43,21:42:44.083261,
259,1,533,11,13,19.54,15:43:34.604062,
3,1,184,27,13,16.48,09:30:07.055167,
259,1,51,12,12,16.22,00:51:05.604321,1799
121,1,664,17,20,19.08,11:50:00.982136,
49,1,569,16,12,19.10,09:59:46.022003,
186,1,376,15,25,8.69,18:37:16.915597,
97,1,236,24,26,18.84,15:58:19.530784,
49,1,643,20,21,15.98,17:23:41.61633,
189,1,698,20,19,14.62,18:13:14.561434,1648
121,1,435,26,18,11.64,12:08:32.405005,
49,1,525,17,22,15.98,09:30:01.649319,
81,1,54,13,14,7.50,09:10:31.978468,
259,1,581,16,11,11.00,20:04:13.15923,
186,1,92,26,15,14.65,08:56:33.542256,
189,1,354,17,27,13.73,08:48:10.278565,
81,1,271,22,27,17.33,03:21:23.845019,
121,1,416,26,16,6.47,10:13:21.919021,
97,1,133,11,30,10.01,10:25:58.092168,
121,1,113,25,13,13.39,21:17:10.605888,
3,1,460,21,27,9.33,08:08:03.584991,
81,1,272,12,21,18.02,22:11:29.350359,
49,1,395,11,21,4.46,12:27:26.984427,
121,1,574,25,13,13.39,23:23:56.758736,
97,1,294,11,12,6.20,00:21:29.261435,
189,1,408,12,12,16.22,11:05:46.453722,1799
189,1,51,25,13,19.73,02:31:00.778694,
121,1,150,27,13,16.48,05:59:38.076973,
121,1,380,29,12,9.53,08:10:24.329041,
259,1,92,15,27,3.83,06:50:34.190151,
186,1,664,25,14,6.17,10:59:35.439579,1922
3,1,479,16,30,14.33,08:37:20.937436,
49,1,199,11,12,18.59,02:28:43.623873,
97,1,262,15,25,9.53,13:24:39.778306,
3,1,488,20,19,14.62,22:14:22.104066,1648
189,1,111,12,21,18.02,12:35:31.117615,
97,1,571,25,19,14.06,03:03:32.667053,
189,1,525,21,13,17.83,09:40:02.660178,
81,1,24,19,13,5.10,06:21:59.309911,
121,1,65,16,23,6.09,20:13:21.75008,
81,1,157,27,19,4.25,16:14:16.769039,
3,1,264,25,14,6.17,22:17:57.720387,1922
3,1,444,18,18,17.91,17:13:57.267564,
81,1,228,18,14,8.38,11:24:47.480745,985
189,1,157,12,21,15.66,15:21:10.025929,
81,1,62,12,25,5.99,15:45:05.883071,
3,1,454,17,24,13.44,05:45:35.710397,
189,1,368,21,22,18.16,14:42:29.299298,
121,1,517,17,19,11.82,16:38:14.368086,
186,1,531,20,19,14.62,22:05:47.083523,1648
97,1,654,20,19,14.62,05:57:17.951572,1648
81,1,365,26,28,5.88,06:03:18.97754,
3,1,519,25,19,17.79,03:31:34.78138,
189,1,288,27,22,16.19,07:31:25.154749,
49,1,305,29,11,8.76,09:10:40.322817,
81,1,146,12,26,15.49,11:02:31.65439,
81,1,100,23,28,7.99,05:00:17.630084,
189,1,675,13,14,7.46,02:30:56.115067,
49,1,512,25,14,6.17,17:05:44.807118,1922
49,1,213,20,15,9.81,02:54:45.618021,
81,1,430,16,12,13.89,02:56:36.416742,1794
97,1,88,20,19,14.62,19:07:02.475515,1648
259,1,58,17,27,13.73,05:25:04.928643,
97,1,501,25,19,14.06,00:01:03.314407,
81,1,41,27,22,16.19,04:17:28.483437,
121,1,216,12,21,18.02,13:16:52.756548,
121,1,678,26,16,6.35,02:47:36.462989,
49,1,276,25,14,6.17,09:34:59.921428,1922
81,1,706,16,12,13.89,15:20:51.259312,1794
121,1,197,27,20,11.31,02:01:22.98822,
186,1,45,28,14,10.39,04:22:15.511119,
3,1,62,12,20,13.11,19:58:31.272621,
3,1,588,15,25,8.69,12:35:05.664317,
186,1,357,26,16,6.35,04:20:43.495005,
186,1,510,21,26,12.16,21:39:46.520274,
186,1,615,18,25,6.39,08:32:11.588199,
81,1,629,22,23,17.73,17:29:55.422496,
97,1,379,12,12,16.22,04:22:17.572336,1799
3,1,435,16,12,13.89,06:07:03.70796,1794
189,1,661,18,14,8.38,09:32:47.435597,985
81,1,515,27,18,16.53,18:58:38.722062,
186,1,673,24,24,14.09,11:07:01.2289,
81,1,724,25,13,13.39,19:21:25.267954,
121,1,249,25,14,6.17,22:10:23.988824,1922
97,1,640,23,22,8.66,22:10:44.433069,
49,1,125,18,23,4.31,02:46:08.214283,
186,1,658,19,23,9.30,18:37:02.108759,
189,1,62,25,16,4.78,04:43:07.761653,
97,1,343,24,16,9.94,22:34:59.200167,
186,1,326,20,19,14.62,10:24:39.705458,1648
3,1,712,27,14,16.09,19:06:00.799124,
97,1,697,11,12,18.59,04:30:12.14945,
186,1,730,26,26,8.29,03:03:53.022872,
121,1,207,13,24,19.32,00:58:03.731585,
81,1,225,20,13,10.87,02:30:23.678646,
121,1,193,27,22,16.19,12:33:27.623409,
3,1,159,21,13,8.74,10:55:21.322713,
121,1,204,12,12,16.22,13:03:07.120833,1799
259,1,163,16,12,19.10,04:48:58.844699,
259,1,606,16,11,11.00,09:21:46.599456,
97,1,214,16,12,13.89,08:03:14.73458,1794
121,1,667,29,21,15.81,15:30:54.154985,
49,1,455,30,24,6.11,20:49:03.481124,
186,1,218,11,27,6.61,20:26:34.719549,
49,1,489,27,26,17.84,09:04:03.996076,
186,1,526,12,23,6.95,03:07:51.116173,
189,1,647,17,28,10.89,13:33:30.984916,
49,1,344,15,14,13.69,23:35:43.850788,
97,1,166,12,13,5.80,19:53:13.144985,
186,1,224,19,22,18.02,08:52:04.312777,
81,1,665,16,12,13.89,14:03:28.568134,1794
49,1,165,26,18,11.64,00:49:46.871084,
186,1,647,17,30,12.05,21:14:22.964753,
121,1,24,25,14,6.17,04:35:30.247669,1922
3,1,175,14,23,3.77,22:46:06.491198,
3,1,564,21,12,9.52,01:58:13.280318,
81,1,74,29,17,17.93,11:24:47.607975,
81,1,276,11,11,6.95,08:38:43.632673,
186,1,683,24,14,4.05,06:40:33.300826,
186,1,387,25,17,12.74,20:51:16.635783,
3,1,667,20,14,6.27,07:12:22.600137,
49,1,383,22,23,17.73,11:03:55.419041,
121,1,557,16,19,16.61,03:16:28.883552,
259,1,523,29,19,11.46,01:38:45.813191,
189,1,458,29,30,17.60,14:11:46.097785,
49,1,168,11,11,6.95,00:18:19.746608,
259,1,190,29,26,19.93,03:51:28.273331,
189,1,437,17,25,15.52,03:19:39.021034,
259,1,370,16,20,15.90,13:04:40.785664,
121,1,474,19,20,9.65,11:17:09.773796,
186,1,416,13,14,7.46,11:52:46.271785,
97,1,14,26,18,11.64,15:50:46.155028,
259,1,568,29,12,9.53,13:34:00.801239,
97,1,241,25,14,6.17,02:22:11.866502,1922
189,1,420,17,28,10.89,14:51:13.291544,
3,1,239,22,16,9.67,08:23:01.20405,
49,1,262,19,23,9.30,21:29:27.945406,
3,1,556,24,24,14.09,01:56:26.822689,
3,1,105,14,20,8.51,05:34:24.558046,
3,1,289,11,21,4.46,06:00:33.436658,
186,1,375,20,26,11.24,00:22:12.209059,
186,1,720,25,23,11.75,14:38:35.019906,
186,1,698,19,28,5.32,02:56:34.650687,
189,1,527,29,24,10.12,19:39:13.592622,
189,1,125,30,16,3.23,21:11:09.177735,
189,1,222,13,23,9.41,15:05:32.30913,
259,1,107,13,21,13.41,00:35:02.07418,
3,1,91,26,26,8.29,15:46:12.057117,
49,1,639,27,30,8.78,06:58:56.752201,
49,1,387,16,30,14.33,12:23:31.803891,
259,1,96,27,13,16.48,11:13:05.218838,
121,1,78,29,17,17.93,10:07:57.755704,
49,1,289,12,12,16.22,19:43:26.603446,1799
186,1,724,15,26,17.74,00:07:37.043316,
121,1,83,16,12,13.89,02:19:08.321087,1794
186,1,239,21,20,9.21,03:11:15.907048,
49,1,665,29,22,6.45,01:45:57.753342,
49,1,540,21,22,18.16,03:30:26.307854,
3,1,306,12,26,10.05,14:30:24.839547,
3,1,400,20,25,5.34,17:42:08.778093,
259,1,37,12,12,16.22,06:37:25.449068,1799
81,1,378,13,23,9.41,09:56:21.137084,
49,1,294,19,20,18.88,09:10:26.563108,
3,1,650,25,14,6.17,02:05:52.163647,1922
259,1,110,12,12,16.22,13:19:31.239391,1799
121,1,185,16,12,13.89,01:34:31.99121,1794
49,1,441,29,27,4.96,20:42:48.33226,
97,1,136,20,16,14.10,14:17:35.811888,
97,1,17,21,22,12.84,14:21:55.221126,
189,1,121,25,22,19.06,17:37:29.07693,
97,1,507,20,27,10.44,07:49:16.241668,
3,1,647,17,24,13.44,05:53:09.266298,
121,1,501,14,29,8.20,18:00:38.643615,
81,1,228,14,16,6.19,12:48:58.985105,
121,1,574,18,29,19.09,13:26:16.644277,
49,1,512,19,12,10.89,12:05:32.391343,
121,1,253,21,20,9.21,08:51:25.91953,
49,1,534,25,14,6.17,09:03:00.711305,1922
49,1,489,12,12,16.22,13:18:33.054292,1799
81,1,293,29,17,17.93,00:36:29.930556,
259,1,721,17,25,15.52,11:21:35.379967,
186,1,335,24,14,4.05,21:54:29.399371,
121,1,302,15,29,6.35,21:07:29.657943,
121,1,192,16,30,14.33,05:52:52.727422,
81,1,605,20,23,11.83,02:03:42.381577,
259,1,701,25,14,6.17,04:13:24.150091,1922
49,1,13,22,23,17.73,04:34:57.196124,
189,1,518,24,18,16.61,04:47:16.263066,
97,1,82,26,18,19.99,07:55:53.063252,
121,1,628,19,22,18.02,01:01:01.958005,
121,1,623,20,29,12.29,06:58:31.340745,
189,1,43,15,14,5.92,22:15:45.818094,
97,1,707,13,28,17.88,16:04:46.853626,
3,1,475,15,21,4.93,21:44:10.114793,
81,1,507,16,12,13.89,21:29:40.58359,1794
259,1,654,24,13,5.87,16:02:36.019928,
121,1,229,16,19,13.01,08:35:11.430351,
3,1,608,25,14,6.17,04:18:50.188963,1922
81,1,341,17,25,15.52,11:59:05.989734,
3,1,113,22,16,9.67,23:23:55.071151,
189,1,329,24,30,15.18,07:18:24.436377,
97,1,409,29,27,4.96,03:48:55.281343,
189,1,460,29,19,11.46,22:54:34.203057,
121,1,219,19,12,3.75,03:26:53.897444,
121,1,41,25,13,19.73,16:56:15.843014,
97,1,345,15,16,15.76,02:25:35.760927,
81,1,730,27,21,11.54,15:44:01.742189,
49,1,763,16,12,13.89,06:02:57.413893,1794
49,1,212,12,23,6.95,07:29:40.9075,
189,1,117,19,30,18.58,18:44:11.318142,
3,1,577,16,12,13.89,18:36:39.849966,1794
3,1,418,27,23,9.86,11:41:07.106699,
49,1,311,25,14,6.17,10:57:54.260681,1922
121,1,317,25,20,10.52,08:23:57.266943,
121,1,142,13,23,9.41,14:31:50.562054,
121,1,286,25,20,4.29,04:53:19.811818,
81,1,488,14,29,8.20,11:12:03.125976,
97,1,721,18,13,8.94,18:05:30.912042,
3,1,625,25,13,18.58,03:22:05.176717,
97,1,36,29,22,16.86,17:58:12.880892,
121,1,362,25,13,13.39,02:34:18.09142,
81,1,257,13,18,16.45,02:46:39.262633,
189,1,690,22,30,15.03,23:14:46.645663,
259,1,768,19,18,11.57,17:18:40.625555,
49,1,155,22,16,9.67,23:52:41.667669,
81,1,456,14,16,3.85,07:05:46.377117,
189,1,203,19,11,8.33,16:34:18.88518,
189,1,513,19,25,5.77,13:20:58.217141,
3,1,93,25,14,6.17,01:54:04.445625,1922
121,1,720,16,21,7.43,10:18:26.704032,
49,1,652,16,26,18.97,12:33:51.850901,
189,1,543,25,14,6.17,20:36:00.035839,1922
3,1,665,15,24,12.57,10:48:05.376151,
81,1,250,16,12,13.89,19:29:50.49283,1794
81,1,427,29,12,9.53,01:45:28.671186,
3,1,175,14,25,9.59,02:15:33.180953,
49,1,434,11,13,19.54,17:31:25.63154,
189,1,638,26,18,19.99,03:38:59.249299,
189,1,400,16,12,13.89,18:37:44.124861,1794
186,1,581,18,14,8.38,03:08:35.626851,985
49,1,278,26,18,19.99,13:13:06.011981,
97,1,174,24,30,15.18,04:00:57.310118,
186,1,686,18,12,9.77,13:28:00.706939,
81,1,366,25,19,19.21,22:30:14.789238,
189,1,564,26,28,5.88,15:49:46.609308,
3,1,242,22,27,15.55,02:59:45.334094,
259,1,739,22,27,15.55,03:53:32.658674,
97,1,422,21,12,12.84,06:18:56.80217,
81,1,296,14,26,17.63,14:46:04.888719,
81,1,191,26,18,19.99,21:39:31.138576,
186,1,434,27,14,4.62,19:44:22.515058,
97,1,462,16,19,13.01,20:43:53.086834,
186,1,40,26,12,14.29,07:18:17.841648,
259,1,154,28,14,10.39,04:33:35.04115,
97,1,712,11,11,6.95,02:13:53.074214,
3,1,595,25,14,6.17,13:31:36.058241,1922
259,1,353,12,12,16.22,17:46:08.337299,1799
189,1,640,30,14,16.30,04:02:33.96755,
186,1,178,29,26,19.93,19:28:07.516098,
49,1,61,15,25,9.53,18:12:01.241394,
259,1,99,16,19,16.61,17:49:53.795365,
3,1,491,26,21,17.26,12:45:15.639312,
97,1,95,12,12,16.22,03:30:30.730598,1799
189,1,594,13,14,14.41,01:44:41.370202,
189,1,294,16,16,4.20,12:04:52.21987,
3,1,160,29,26,19.93,16:42:43.824809,
81,1,71,25,14,6.17,23:08:33.521365,1922
81,1,568,24,16,9.94,20:42:25.563468,
259,1,390,23,26,5.93,19:06:27.607487,
189,1,276,26,23,16.92,01:39:00.40821,
49,1,751,22,17,3.49,08:03:08.257782,
97,1,706,16,20,10.11,09:24:47.634262,
186,1,717,16,12,13.89,01:39:35.829879,1794
259,1,351,12,13,5.80,19:33:35.468397,
189,1,613,11,24,13.66,00:30:32.192732,
121,1,233,21,20,9.21,07:59:36.433416,
189,1,53,11,12,6.20,19:40:05.607793,
186,1,121,20,26,12.80,08:37:44.29989,
189,1,548,25,14,6.17,21:39:50.647353,1922
186,1,525,16,13,6.67,06:21:48.527797,
3,1,667,24,24,14.09,03:05:46.741875,
189,1,589,13,24,19.32,14:43:53.942444,
259,1,111,24,14,7.91,13:22:57.397538,
49,1,32,25,14,6.17,00:29:12.792158,1922
189,1,603,20,23,11.83,22:36:59.41329,
49,1,438,21,28,17.68,12:58:23.163807,
81,1,16,14,30,19.13,07:38:19.562252,
97,1,256,26,29,9.93,14:40:08.650508,
97,1,126,11,13,19.54,01:54:14.862839,
189,1,253,16,12,13.89,01:06:39.472235,1794
259,1,425,15,18,14.13,07:35:11.207733,
81,1,768,12,12,16.22,03:48:12.046063,1799
189,1,475,20,19,14.62,07:39:27.297903,1648
3,1,219,16,16,4.20,16:39:02.728873,
81,1,177,21,22,18.16,09:19:32.841506,
3,1,214,15,20,16.76,16:37:56.874986,
121,1,787,20,19,14.62,15:09:40.594141,1648
3,1,20,26,23,16.92,06:30:49.078945,
121,1,359,21,13,17.83,18:36:47.457612,
3,1,804,20,16,14.10,06:02:11.101903,
81,1,564,23,26,12.14,23:28:42.074022,
186,1,104,14,16,3.85,06:56:56.918915,
49,1,793,19,11,8.33,10:55:02.752252,
121,1,61,16,25,4.31,09:12:04.339162,
49,1,605,19,20,18.88,01:57:20.115242,
3,1,490,27,26,10.35,23:53:50.183551,
3,1,148,21,12,12.84,10:45:49.205585,
81,1,247,22,16,3.28,06:22:42.546815,
259,1,76,28,17,9.17,19:06:55.033484,
3,1,189,25,13,13.39,22:16:37.474965,
186,1,803,18,24,10.79,09:01:44.444525,
186,1,747,13,19,15.73,13:55:46.895958,
81,1,740,27,17,3.99,18:32:19.11471,
259,1,124,20,16,14.10,03:14:26.88609,
3,1,211,28,24,3.41,00:14:50.886815,
97,1,513,26,15,14.65,11:15:53.853619,
189,1,702,17,15,11.35,07:20:04.716724,
81,1,82,16,15,3.82,02:09:53.28087,
121,1,266,21,15,16.01,22:49:44.022057,
189,1,741,25,16,18.51,05:58:22.688349,
3,1,267,11,24,13.66,19:10:52.05021,
189,1,784,20,14,6.27,19:32:36.615564,
81,1,427,19,27,5.86,08:12:38.087706,
81,1,41,16,12,13.89,01:03:56.395752,1794
3,1,285,14,29,6.53,00:13:36.846103,
97,1,207,14,28,6.81,12:57:28.186768,
189,1,812,16,12,13.89,19:32:02.040228,1794
186,1,286,30,17,11.16,21:16:30.649083,
259,1,742,25,19,17.79,06:30:10.10191,
121,1,793,18,14,8.38,20:59:41.757635,985
189,1,361,21,12,12.84,18:26:50.320489,
3,1,730,25,20,10.52,19:27:18.520547,
189,1,638,17,15,11.35,21:10:08.321063,
81,1,336,15,13,15.26,10:46:49.397153,
186,1,409,13,12,8.08,01:37:18.095265,
121,1,496,25,20,4.29,06:57:33.995523,
81,1,56,14,23,13.68,04:48:09.292212,
3,1,135,27,22,16.19,08:08:41.862414,
3,1,714,25,30,15.05,23:39:26.283124,
81,1,52,18,23,4.31,16:41:56.479716,
186,1,659,21,13,8.74,01:01:50.29344,
189,1,78,15,30,12.47,05:27:28.54084,
189,1,516,20,19,14.62,01:25:13.462977,1648
49,1,603,19,25,19.73,00:42:16.607513,
97,1,97,18,12,15.68,06:16:06.490209,565
49,1,357,13,19,18.28,05:03:27.549433,
81,1,87,30,14,17.11,07:16:34.871328,
186,1,217,13,18,16.45,21:36:46.564547,
49,1,800,24,17,8.97,22:03:49.225905,
81,1,103,29,23,9.42,22:29:21.308014,
186,1,256,27,26,10.35,06:30:35.996676,
3,1,707,18,25,15.15,10:06:01.146294,
259,1,527,28,13,16.51,18:55:30.562579,
3,1,193,12,29,7.54,10:44:40.543809,
49,1,148,12,29,7.54,06:36:42.59277,
49,1,366,22,27,15.55,12:34:33.660716,
259,1,481,16,12,13.89,03:22:27.704988,1794
259,1,204,13,14,17.48,18:55:44.765576,
259,1,681,30,17,11.16,11:09:22.212666,
189,1,803,20,19,14.62,04:17:26.921115,1648
81,1,262,30,25,15.60,06:35:56.414126,
121,1,77,26,15,17.13,14:13:32.562891,
3,1,93,19,20,5.58,16:20:19.27796,
186,1,375,20,19,14.62,01:19:08.213842,1648
121,1,384,25,14,3.31,16:44:14.450512,
186,1,125,15,19,5.54,10:47:49.600097,
3,1,584,14,28,8.35,15:36:21.499347,
97,1,105,13,23,9.41,06:54:21.482456,
121,1,352,26,24,13.95,11:58:43.71084,
49,1,270,27,13,8.41,11:35:07.898576,
81,1,49,27,18,16.53,17:49:02.471829,
121,1,96,27,19,3.51,20:22:38.074168,
259,1,42,28,14,9.18,07:20:14.198202,
49,1,658,16,15,3.82,00:38:07.991521,
97,1,706,16,17,8.30,16:23:12.806913,
3,1,767,30,23,5.32,06:26:16.642,
3,1,689,18,20,8.61,17:48:22.980612,
97,1,281,23,18,3.43,08:57:09.502812,
3,1,624,19,19,17.71,09:28:36.573368,
189,1,443,21,22,12.97,04:19:22.800574,
189,1,205,16,25,19.07,16:32:28.276436,
186,1,299,29,27,4.96,04:38:08.008348,
259,1,643,15,12,18.58,09:58:39.948397,
49,1,289,25,23,11.75,05:11:13.438643,
121,1,347,20,19,14.62,19:03:39.125806,1648
3,1,192,26,13,16.23,02:52:48.846053,
189,1,705,19,17,10.39,01:45:17.162905,
121,1,358,15,27,3.83,09:33:54.776667,
186,1,286,13,24,19.59,12:27:26.129845,
259,1,114,14,20,8.51,03:16:30.956009,
97,1,669,25,23,11.75,19:56:18.482355,
81,1,392,20,11,7.45,04:32:43.472797,
259,1,342,25,14,6.17,05:47:27.574815,1922
189,1,351,17,15,11.35,08:15:38.366996,
186,1,522,19,25,19.73,11:28:48.06153,
97,1,595,25,22,19.06,15:20:44.47063,
121,1,280,16,12,13.89,03:04:11.481565,1794
189,1,619,27,13,8.41,08:52:53.095929,
81,1,492,19,23,9.30,13:17:43.147063,
189,1,614,20,26,12.80,04:37:58.927319,
121,1,571,21,15,16.01,21:19:24.035653,
81,1,21,18,20,8.59,03:06:26.208169,
3,1,56,30,12,10.17,22:25:39.050912,
97,1,652,20,19,14.62,13:40:36.728852,1648
189,1,300,12,12,16.22,04:17:52.498491,1799
259,1,351,28,11,5.53,16:07:43.431525,
81,1,39,18,14,12.48,07:54:40.003141,
186,1,781,20,19,14.62,07:56:27.363103,1648
186,1,428,22,29,3.40,16:38:05.118357,
49,1,738,25,14,6.17,16:00:22.379194,1922
186,1,523,25,19,17.79,15:19:04.207695,
189,1,729,13,12,14.31,21:59:32.519006,
121,1,260,25,14,6.17,13:53:19.492323,1922
3,1,296,16,23,6.09,03:52:53.003722,
97,1,282,28,28,3.34,02:54:59.155282,
189,1,445,28,12,10.78,21:58:48.007621,
81,1,163,30,14,16.61,23:36:44.102262,
189,1,169,12,20,10.41,11:48:05.325575,
121,1,14,19,17,10.39,22:27:27.049196,
97,1,497,18,24,14.84,00:58:42.750154,
81,1,761,25,25,6.13,13:20:32.319581,
97,1,450,24,18,16.61,17:29:03.598691,
259,1,696,20,26,11.24,04:50:34.325954,
259,1,818,25,14,6.17,03:38:14.296914,1922
259,1,642,28,11,5.53,11:12:27.139045,
81,1,736,27,17,3.99,14:15:51.444638,
121,1,640,16,23,6.09,05:58:32.392484,
81,1,652,16,18,7.30,14:20:33.500609,
81,1,796,23,25,6.71,21:10:49.154063,
97,1,384,16,12,13.89,20:27:27.97682,1794
259,1,700,18,20,8.59,02:26:30.307286,
189,1,583,17,24,13.55,02:17:29.038492,
3,1,65,22,23,17.73,22:38:04.547621,
186,1,749,21,22,12.84,12:12:48.240024,
3,1,277,25,14,6.17,12:44:21.593181,1922
186,1,506,11,12,6.20,16:30:19.217128,
121,1,530,25,14,3.31,21:15:53.764889,
3,1,58,19,23,15.72,12:48:36.319682,
97,1,64,27,26,15.54,14:01:39.211803,
121,1,694,13,24,4.58,11:30:09.806787,
121,1,292,25,14,6.17,04:27:19.943286,1922
121,1,338,23,25,6.71,19:56:30.915799,
189,1,656,16,30,14.33,22:20:12.067072,
121,1,727,17,22,15.98,06:06:33.168542,
189,1,813,15,20,16.76,19:54:06.453738,
3,1,676,29,21,15.62,06:30:15.496854,
97,1,438,20,19,14.62,11:13:55.972373,1648
189,1,774,16,21,7.43,07:36:18.333377,
186,1,271,25,13,13.39,09:23:37.091522,
189,1,816,24,13,5.87,15:15:29.957875,
81,1,725,22,23,11.54,04:21:07.813191,
189,1,388,20,16,14.10,02:09:45.168396,
186,1,679,16,12,19.10,15:46:11.570503,
81,1,249,27,13,8.41,13:27:34.211171,
189,1,596,18,18,17.91,12:10:41.127096,
97,1,156,19,25,19.73,11:53:27.218352,
186,1,261,20,25,5.34,00:44:42.928046,
81,1,249,16,25,4.31,06:05:20.952809,
97,1,775,23,28,15.04,01:49:50.584287,
121,1,261,13,14,17.48,05:47:52.045216,
3,1,722,16,25,4.31,13:59:11.920754,
121,1,703,18,12,15.68,19:30:14.800613,565
189,1,652,13,24,4.58,15:44:07.651529,
49,1,109,15,20,16.76,18:44:19.430108,
259,1,777,17,30,14.52,10:40:50.907618,
81,1,27,11,21,4.46,06:40:58.046932,
121,1,836,29,12,9.53,22:36:05.393975,
121,1,785,16,12,13.89,23:10:40.398516,1794
3,1,211,25,14,6.17,14:20:47.211155,1922
81,1,275,20,19,14.62,09:07:01.29858,1648
3,1,324,18,12,15.68,21:02:21.575151,565
97,1,703,11,21,4.46,13:54:21.560124,
189,1,259,20,29,12.29,22:24:26.796286,
97,1,115,17,17,17.36,03:39:45.071789,
121,1,742,27,13,16.48,02:41:55.96226,
97,1,614,16,20,10.11,16:50:47.001174,
97,1,636,20,22,7.19,00:58:39.739523,
121,1,389,12,21,15.66,04:48:39.486886,
186,1,675,16,12,13.89,13:27:53.768523,1794
189,1,227,15,21,4.93,09:02:28.086718,
121,1,208,30,12,10.17,04:21:57.408106,
97,1,266,25,14,6.17,00:23:38.353876,1922
189,1,386,21,27,9.33,13:05:40.947174,
49,1,161,26,15,14.65,19:58:47.95548,
121,1,24,21,16,13.47,07:58:25.795115,
97,1,863,30,24,6.11,03:50:23.374,
49,1,481,25,14,6.17,08:12:13.988277,1922
49,1,378,15,12,5.01,19:17:26.643546,
97,1,181,22,29,15.82,11:50:43.062287,
189,1,858,26,13,16.23,04:08:18.915466,
189,1,177,16,12,13.89,08:44:25.385982,1794
3,1,221,21,16,13.47,00:16:23.892642,
121,1,263,15,27,3.83,02:46:17.522683,
121,1,235,30,14,10.80,06:05:07.123665,
97,1,446,19,28,5.32,01:03:28.373217,
189,1,667,13,18,8.15,07:20:29.565355,
49,1,642,18,12,15.68,08:00:20.114113,565
189,1,16,12,12,16.22,21:06:12.22775,1799
97,1,282,23,22,7.77,15:20:38.363245,
3,1,637,27,14,4.62,12:06:05.017034,
186,1,609,26,19,6.38,13:11:36.763954,
81,1,482,25,14,6.17,13:20:09.131505,1922
81,1,754,12,20,10.41,01:29:12.781739,
121,1,389,20,19,14.62,12:41:11.549311,1648
186,1,385,25,14,6.17,23:34:33.984135,1922
97,1,565,20,23,11.83,14:42:20.325553,
121,1,808,22,27,17.33,21:24:03.851408,
186,1,224,11,13,19.54,15:28:34.297621,
121,1,365,11,22,19.19,20:15:42.702712,
189,1,710,22,26,8.19,00:26:36.665799,
259,1,377,12,12,14.63,00:19:02.829506,
259,1,791,15,12,5.01,17:32:22.808752,
189,1,402,29,22,6.45,16:18:59.701342,
97,1,692,26,27,15.27,08:41:45.930467,
97,1,133,22,24,4.89,07:25:39.751265,
121,1,836,16,12,13.89,08:05:17.157983,1794
49,1,855,12,30,11.29,05:48:24.814777,
49,1,183,20,14,6.27,12:19:35.90343,
121,1,627,18,12,9.77,06:12:09.73507,
189,1,518,12,20,13.11,07:26:38.691794,
259,1,402,15,12,18.58,08:38:43.510337,
3,1,35,13,27,15.97,16:05:51.393967,
259,1,187,15,24,7.98,04:24:48.049136,
186,1,686,29,27,4.96,14:15:42.592596,
121,1,668,19,20,18.88,04:52:34.440044,
121,1,874,13,19,15.73,22:00:27.131577,
81,1,260,14,25,9.59,12:27:40.043792,
97,1,446,20,19,14.62,12:42:43.745417,1648
259,1,218,23,29,5.92,13:30:15.190492,
49,1,23,22,27,17.33,22:58:46.102905,
49,1,175,22,17,3.49,23:45:59.330895,
259,1,535,30,12,10.17,04:21:52.461569,
259,1,258,19,25,19.73,16:08:44.27191,
186,1,447,14,15,6.90,15:49:26.692029,
189,1,436,24,18,3.54,04:43:49.86686,
121,1,624,12,23,19.92,10:21:54.131035,
186,1,872,22,22,3.93,01:32:46.27713,
81,1,837,28,17,9.17,21:42:45.401922,
49,1,293,16,12,13.89,22:03:57.344772,1794
189,1,445,18,25,16.82,16:38:08.476841,
49,1,606,13,14,7.46,19:21:34.057035,
189,1,659,21,22,12.84,15:15:24.041274,
97,1,336,25,17,10.15,03:04:30.194912,
81,1,879,16,12,13.89,00:36:45.624532,1794
121,1,212,17,24,13.55,16:29:08.604459,
81,1,615,24,15,13.30,04:28:28.478257,
186,1,601,15,16,15.76,06:21:28.863609,
81,1,718,23,22,8.66,09:42:07.324029,
186,1,792,16,20,10.11,02:08:40.705992,
186,1,210,18,14,8.38,12:13:55.293766,985
259,1,886,22,30,15.03,10:36:27.380144,
81,1,395,16,12,13.89,23:26:34.953963,1794
97,1,167,16,16,4.20,03:35:55.320415,
3,1,192,12,12,14.63,07:02:28.657122,
97,1,593,16,12,13.89,08:37:34.939047,1794
121,1,456,14,14,10.38,13:48:21.511811,
186,1,67,30,24,6.11,13:28:44.132497,
189,1,564,18,25,16.82,05:11:17.050797,
189,1,805,14,30,19.13,22:22:33.378628,
186,1,368,22,26,8.19,11:22:49.521265,
49,1,195,13,24,19.32,18:42:56.968495,
186,1,466,29,19,5.51,17:04:42.991958,
186,1,345,25,25,5.42,08:42:01.709744,
186,1,332,21,25,18.28,10:36:47.31595,
49,1,154,18,29,19.09,15:59:32.694087,
81,1,869,21,13,8.74,03:00:38.621597,
259,1,301,14,11,5.39,08:29:03.981665,
3,1,368,26,13,16.09,18:37:01.873163,
121,1,155,18,14,12.48,18:46:42.293707,
49,1,64,24,24,14.09,05:47:34.345021,
259,1,225,19,23,15.72,05:41:37.568042,
121,1,28,20,19,14.62,23:10:25.43445,1648
186,1,402,19,20,9.65,04:48:06.06476,
259,1,744,12,12,16.22,20:12:00.797735,1799
186,1,150,20,22,7.19,13:46:57.654644,
3,1,238,22,23,11.54,22:05:23.245506,
186,1,498,16,12,13.89,00:50:28.412766,1794
97,1,133,30,14,16.30,11:45:32.429214,
97,1,767,16,12,13.89,13:19:16.213036,1794
49,1,263,12,12,16.22,15:08:10.633104,1799
121,1,465,20,19,14.62,09:10:54.611826,1648
97,1,112,13,14,7.50,23:45:43.981178,
81,1,426,13,14,17.48,09:03:19.543399,
189,1,348,17,26,4.68,19:14:35.783962,
3,1,838,29,23,9.42,21:05:01.280506,
259,1,502,12,20,10.41,19:58:48.181275,
189,1,11,14,11,5.39,21:52:44.323703,
3,1,593,29,11,8.76,08:19:20.023947,
186,1,96,16,12,13.89,20:30:43.182222,1794
189,1,290,20,26,11.24,04:04:09.805046,
49,1,653,16,12,13.89,18:13:04.433971,1794
3,1,555,16,19,16.61,22:08:34.997824,
3,1,871,15,25,9.53,15:03:26.213018,
49,1,244,29,11,8.76,18:06:32.756489,
3,1,532,20,19,14.62,09:25:53.837391,1648
259,1,259,25,22,19.06,14:24:41.695119,
186,1,525,24,26,18.84,03:17:38.467577,
189,1,320,19,11,8.33,17:02:51.567513,
121,1,499,16,12,13.89,20:59:27.987077,1794
121,1,856,16,12,13.89,17:34:03.06813,1794
81,1,605,12,12,16.22,13:15:42.806029,1799
189,1,749,19,12,10.89,22:39:18.727313,
121,1,30,27,15,11.76,17:12:52.289461,
259,1,124,30,25,3.14,19:56:27.849776,
81,1,501,11,24,13.66,13:51:11.1294,
3,1,68,19,20,5.58,06:18:18.805969,
3,1,525,30,25,3.14,03:57:57.357367,
3,1,123,20,14,6.27,15:04:53.78803,
259,1,120,17,24,13.44,01:51:03.763882,
189,1,322,13,14,7.73,16:32:28.242918,
259,1,626,11,25,19.63,13:06:06.114332,
3,1,765,25,27,10.94,13:23:20.456961,
189,1,392,13,18,8.15,10:19:33.426009,
81,1,196,16,23,6.09,21:37:38.196684,
186,1,399,18,30,7.09,23:03:22.679356,
186,1,196,20,19,10.67,03:26:26.85221,
97,1,309,16,12,13.89,01:26:54.980392,1794
186,1,215,25,16,18.51,21:42:09.803884,
49,1,712,13,29,10.22,19:11:02.137104,
121,1,70,12,12,16.22,03:35:09.715399,1799
186,1,347,25,16,18.51,19:51:40.994695,
49,1,897,17,17,17.36,15:00:22.172401,
186,1,445,14,20,8.51,07:06:47.274854,
97,1,68,30,14,16.61,12:18:28.479578,
3,1,874,28,12,10.78,10:20:46.927502,
121,1,453,20,19,14.62,16:23:21.989071,1648
121,1,297,22,28,10.28,18:18:55.633551,
121,1,659,12,23,6.95,05:49:08.434966,
81,1,323,13,12,14.31,21:15:18.811174,
189,1,294,24,24,14.09,15:57:54.950586,
186,1,626,17,25,15.52,15:10:30.000423,
49,1,629,30,14,10.80,05:08:48.741101,
3,1,217,12,12,16.19,22:13:57.243994,
259,1,25,13,24,8.79,08:58:26.280261,
121,1,553,16,12,13.89,07:14:17.709679,1794
121,1,890,25,14,3.31,04:41:50.582904,
259,1,489,15,20,3.10,05:41:57.984253,
49,1,35,19,12,3.75,15:14:32.381911,
97,1,427,16,12,13.89,22:11:52.872036,1794
3,1,557,26,12,14.29,16:04:19.665947,
259,1,694,23,29,5.92,06:41:09.191002,
81,1,264,27,23,9.86,08:03:21.913799,
49,1,81,24,19,16.39,21:37:36.625583,
81,1,768,17,22,15.98,22:47:05.2139,
259,1,870,29,22,6.45,20:09:05.018407,
81,1,841,29,17,17.93,12:21:30.842989,
97,1,399,24,25,10.82,06:10:31.061001,
121,1,518,12,12,16.22,09:08:50.691174,1799
81,1,772,13,14,17.48,21:11:19.384753,
121,1,781,29,22,6.45,12:30:10.570183,
259,1,344,13,23,9.41,12:10:57.455604,
81,1,659,19,27,5.86,15:12:11.172747,
121,1,208,14,28,8.35,03:32:12.897738,
259,1,796,25,14,6.17,07:45:59.74142,1922
97,1,813,21,26,12.16,17:41:08.581101,
3,1,449,16,26,6.07,16:59:07.981005,
186,1,775,30,25,3.14,07:00:16.723423,
186,1,788,25,22,19.06,05:03:22.637635,
189,1,175,17,24,13.55,01:48:14.889887,
189,1,894,18,12,15.68,03:47:59.224574,565
81,1,700,27,21,11.54,16:48:54.37647,
81,1,535,28,20,16.61,03:42:04.331151,
3,1,687,28,26,10.28,09:37:32.47777,
3,1,166,14,15,6.90,11:52:16.611777,
186,1,287,16,12,19.10,13:05:59.529774,
259,1,56,15,15,7.47,09:07:01.72286,
189,1,241,30,14,10.80,15:08:48.409493,
49,1,920,12,12,16.22,14:55:53.595657,1799
186,1,710,18,15,8.04,17:15:32.23664,
259,1,662,23,22,8.66,03:40:28.686213,
49,1,473,23,30,11.83,08:15:10.087467,
121,1,522,18,14,12.48,16:49:29.430375,
186,1,911,17,25,15.52,07:39:40.414515,
189,1,716,25,14,6.17,12:02:47.421255,1922
186,1,168,13,23,9.41,01:32:52.711515,
186,1,594,15,27,5.91,06:09:37.609678,
97,1,301,21,30,10.68,20:00:42.020835,
49,1,633,12,30,11.29,08:52:23.859195,
121,1,424,21,15,16.01,06:47:05.045029,
259,1,735,24,18,16.61,17:56:29.172201,
81,1,85,14,29,8.20,20:53:22.542366,
186,1,353,21,20,9.18,03:23:42.276088,
186,1,763,12,29,7.54,14:42:59.977683,
189,1,577,18,14,8.38,13:49:04.555765,985
81,1,284,12,21,15.66,03:14:29.832441,
3,1,567,16,12,13.89,15:18:55.780915,1794
49,1,880,24,14,4.05,18:34:13.027849,
259,1,814,26,19,6.38,18:16:16.6193,
186,1,601,12,12,16.19,07:50:41.727403,
186,1,774,17,19,8.14,05:06:53.965254,
3,1,643,26,24,13.95,06:37:24.355233,
189,1,546,18,14,8.38,14:15:59.97114,985
97,1,462,24,25,10.82,02:25:59.647334,
121,1,633,18,15,8.04,23:26:54.504202,
3,1,144,19,25,19.73,20:07:53.508148,
81,1,739,15,16,14.90,07:50:29.547607,
49,1,583,21,15,17.41,14:26:30.430243,
49,1,495,28,11,4.00,02:54:33.279,
49,1,645,18,28,9.63,08:31:10.092719,
97,1,241,24,29,13.84,03:09:52.848045,
49,1,370,12,12,16.22,14:39:14.444762,1799
81,1,685,27,21,11.54,04:23:44.354044,
259,1,319,25,14,6.17,17:58:59.016401,1922
121,1,209,22,30,16.47,05:44:09.587867,
3,1,168,15,21,4.93,17:07:53.025455,
97,1,422,21,22,12.84,15:48:55.65652,
259,1,574,29,30,17.60,06:39:23.47245,
186,1,825,29,22,16.86,22:04:41.861273,
121,1,869,30,12,10.17,05:41:27.227585,
121,1,221,26,13,16.23,10:44:00.078693,
121,1,103,24,13,5.87,22:16:43.279143,
81,1,130,26,27,15.27,23:16:36.921232,
186,1,256,13,12,8.08,16:07:00.085664,
121,1,588,27,13,16.48,07:32:03.575269,
81,1,862,25,14,6.17,20:33:37.34006,1922
3,1,73,23,30,11.83,04:00:36.837214,
97,1,818,12,12,16.22,03:04:57.281783,1799
81,1,127,24,25,10.82,06:06:48.90801,
97,1,56,29,21,15.81,02:36:33.573924,
81,1,732,11,27,6.61,07:44:01.711446,
97,1,452,22,29,15.82,11:13:00.447423,
97,1,636,13,24,8.79,15:00:57.234417,
189,1,320,29,18,14.06,06:29:00.509408,
121,1,812,18,14,8.38,07:24:03.97919,985
121,1,622,11,12,18.59,11:03:13.126829,
97,1,603,27,14,16.09,15:07:32.028469,
49,1,455,16,12,13.89,06:45:45.724654,1794
81,1,16,23,24,11.02,13:13:07.144588,
97,1,242,29,19,11.46,07:49:46.452914,
121,1,248,14,17,16.92,23:40:22.14512,
189,1,430,20,19,14.62,19:49:14.274968,1648
49,1,635,18,12,15.68,18:03:20.680574,565
121,1,40,13,24,8.79,21:15:49.319241,
81,1,525,22,16,3.28,06:04:52.848331,
49,1,643,25,14,6.17,22:02:23.301172,1922
189,1,904,22,25,10.02,14:10:43.780171,
81,1,720,21,25,18.28,06:23:26.636281,
121,1,901,16,24,6.23,23:46:53.647687,
3,1,291,11,23,6.37,10:30:57.1494,
121,1,76,22,28,10.28,21:52:10.457152,
3,1,893,16,19,16.61,14:50:52.637633,
3,1,838,25,14,6.17,00:43:31.974848,1922
81,1,543,19,24,15.00,18:45:42.462696,
49,1,707,22,20,4.81,01:40:53.362352,
186,1,268,25,19,14.06,22:14:48.23463,
3,1,384,19,29,15.70,14:46:25.927134,
121,1,563,24,14,4.05,20:40:03.226385,
3,1,945,26,27,15.27,12:44:27.482581,
186,1,848,20,22,7.19,15:40:44.614109,
121,1,340,21,24,13.78,07:55:07.367881,
97,1,162,26,18,11.64,05:15:31.942331,
121,1,145,15,26,17.74,01:42:49.987885,
3,1,329,27,26,17.84,18:07:13.542809,
81,1,653,15,27,5.91,05:55:38.224062,
81,1,507,20,19,14.62,23:32:23.113344,1648
49,1,928,17,20,19.08,18:58:53.395954,
3,1,503,27,13,8.41,11:57:14.764948,
3,1,810,27,13,8.41,18:17:13.594643,
121,1,408,15,20,3.15,21:08:45.029738,
259,1,84,13,24,8.79,09:42:37.409459,
97,1,154,14,16,11.05,19:41:49.192791,
121,1,139,18,28,9.63,16:07:47.26321,
186,1,242,27,23,9.86,01:43:41.844296,
97,1,180,14,11,5.39,12:03:46.539412,
3,1,499,13,14,7.46,14:41:07.805156,
49,1,670,18,14,8.38,07:40:15.060047,985
49,1,882,20,19,14.62,18:52:50.182405,1648
186,1,147,25,14,6.17,09:42:06.390447,1922
121,1,866,25,22,13.35,23:18:51.447656,
3,1,560,16,17,11.97,01:19:39.664304,
81,1,877,30,30,10.91,16:17:06.931758,
259,1,780,16,12,13.89,18:35:22.163424,1794
97,1,856,25,14,6.17,16:42:54.696215,1922
49,1,960,13,14,7.50,07:32:53.463252,
121,1,463,29,21,15.81,09:40:13.272585,
97,1,545,11,14,6.70,09:42:54.506132,
81,1,242,25,30,18.12,13:47:43.999382,
186,1,901,28,13,16.51,00:46:59.781648,
3,1,200,16,24,6.23,00:51:39.003439,
186,1,137,13,14,17.48,18:14:19.464521,
81,1,95,16,12,13.89,03:46:41.778862,1794
97,1,791,29,29,16.69,16:21:16.194738,
49,1,28,18,14,8.38,20:50:46.816228,985
97,1,85,30,21,17.79,11:15:21.768898,
97,1,47,15,12,18.58,12:58:56.152432,
97,1,91,22,28,10.28,07:25:11.888474,
81,1,167,16,18,7.30,15:21:21.338381,
49,1,572,16,20,10.11,20:17:51.788939,
97,1,581,17,26,17.34,22:52:02.188951,
3,1,595,19,17,10.39,06:41:00.921613,
186,1,264,29,22,16.86,19:25:57.146959,
121,1,402,27,21,11.54,14:23:33.666733,
81,1,564,25,14,3.31,05:37:24.516603,
259,1,490,24,11,5.41,03:00:22.647324,
97,1,242,12,19,15.50,17:16:05.435748,
189,1,778,16,12,13.89,18:24:18.439363,1794
49,1,274,26,29,9.93,14:32:17.930228,
259,1,193,28,12,10.78,19:16:00.310249,
259,1,448,20,19,10.67,13:30:58.511876,
49,1,121,30,28,5.34,02:27:10.251707,
186,1,913,18,14,8.38,18:04:33.323841,985
189,1,100,28,19,5.24,18:31:23.64064,
97,1,821,17,25,15.52,22:54:16.927109,
97,1,616,20,26,12.80,01:12:59.392887,
81,1,670,25,22,19.06,09:53:34.779438,
97,1,622,29,29,16.69,20:20:38.483449,
97,1,375,11,12,16.60,04:01:00.838464,
186,1,180,23,11,19.01,18:21:51.005754,
121,1,34,19,11,8.33,12:55:27.917904,
97,1,692,15,28,17.79,19:32:16.073182,
3,1,453,24,11,5.41,06:49:20.678402,
189,1,818,16,19,16.61,07:26:45.269138,
189,1,540,21,26,9.43,10:01:27.385349,
121,1,774,30,26,8.81,03:52:31.872005,
121,1,727,22,23,11.54,16:15:24.852433,
97,1,571,13,24,4.58,03:57:18.051934,
259,1,394,29,18,13.12,10:33:30.690156,
121,1,562,30,16,3.23,00:02:17.30356,
81,1,962,21,15,16.74,07:37:27.394873,
97,1,152,19,13,5.10,05:32:18.051603,
189,1,59,28,17,6.31,10:09:14.637016,
49,1,212,12,21,18.02,16:59:47.672862,
81,1,148,19,11,8.33,20:48:59.206448,
186,1,242,16,25,19.07,12:31:10.405096,
186,1,307,17,15,11.35,12:15:44.949041,
186,1,159,27,17,6.06,16:29:00.068109,
186,1,194,26,15,17.13,14:36:56.487279,
97,1,386,26,16,6.35,02:30:02.116746,
259,1,108,30,26,8.81,01:21:32.314408,
81,1,785,12,23,6.95,10:32:12.678364,
189,1,855,13,12,8.08,18:12:59.742633,
3,1,748,14,30,19.13,12:39:13.416388,
97,1,828,30,11,14.03,13:25:50.772054,
121,1,11,16,24,6.23,11:59:59.697862,
3,1,184,21,12,12.84,00:40:06.648642,
189,1,877,25,14,6.17,01:51:25.070061,1922
189,1,438,16,24,6.23,19:22:09.921174,
3,1,623,25,13,18.58,22:42:50.42098,
97,1,308,30,19,11.52,13:22:10.706156,
189,1,876,20,19,14.62,11:37:05.112423,1648
121,1,707,18,14,8.38,07:14:34.942563,985
49,1,605,13,29,10.22,02:16:27.71856,
81,1,417,18,14,8.38,09:39:53.527802,985
259,1,949,24,30,15.18,19:52:49.236522,
97,1,364,11,23,6.37,05:45:03.543066,
3,1,919,20,19,14.62,10:53:49.583745,1648
121,1,424,24,17,8.97,18:30:19.204445,
81,1,316,25,14,6.17,10:16:53.023571,1922
81,1,191,13,14,14.41,16:48:37.217226,
186,1,672,19,29,15.70,08:12:00.270502,
97,1,650,18,14,8.38,16:06:03.074167,985
189,1,799,21,12,12.84,23:47:53.471034,
121,1,912,23,24,10.31,05:50:02.422005,
121,1,884,16,25,19.07,02:49:21.085085,
189,1,436,13,28,17.88,18:15:23.65121,
81,1,662,12,21,15.66,20:57:21.17386,
97,1,737,21,24,17.00,09:22:34.333942,
121,1,344,19,24,15.00,17:49:22.580425,
49,1,474,30,14,16.61,02:10:52.040975,
121,1,657,11,23,6.37,02:39:38.907319,
121,1,601,29,27,5.08,07:20:05.201179,
259,1,587,18,14,8.38,00:50:18.801008,985
121,1,89,28,17,6.31,09:48:48.242984,
81,1,342,13,24,11.50,05:27:49.150189,
186,1,725,16,16,5.97,10:41:55.299037,
97,1,790,18,14,8.38,11:30:13.791925,985
121,1,956,13,19,14.94,22:11:02.949761,
81,1,508,30,14,17.11,05:05:39.07686,
3,1,594,16,18,7.30,02:34:56.221219,
121,1,457,16,12,13.89,05:42:57.152331,1794
189,1,849,28,26,10.28,23:56:30.32837,
121,1,68,22,27,17.33,00:09:30.722055,
81,1,189,20,26,12.80,13:55:09.50749,
189,1,980,27,26,10.35,03:19:04.053293,
49,1,266,19,26,17.12,17:57:24.421212,
3,1,303,27,30,8.78,19:46:32.811844,
189,1,112,12,12,16.22,04:04:13.089093,1799
3,1,157,17,26,4.68,08:12:06.172912,
259,1,26,25,25,5.42,13:49:05.716767,
3,1,481,16,15,3.82,09:48:03.895878,
259,1,438,24,28,16.97,06:24:29.419322,
189,1,969,19,17,10.39,04:45:31.984449,
97,1,956,20,13,10.87,17:28:45.332647,
259,1,883,27,30,19.19,03:07:13.248869,
259,1,186,12,12,16.22,16:07:14.053547,1799
186,1,741,12,25,5.99,13:48:30.606002,
189,1,963,16,12,13.89,10:57:28.129146,1794
259,1,273,24,19,16.39,17:27:34.154768,
81,1,87,16,15,10.66,16:40:29.49795,
49,1,918,26,15,17.13,22:28:26.151433,
189,1,564,30,30,12.45,13:22:15.989746,
186,1,725,28,16,16.06,04:13:51.942482,
81,1,672,18,14,8.38,14:18:40.270833,985
121,1,799,16,23,14.43,13:03:43.361757,
81,1,576,25,17,12.74,15:10:30.707447,
3,1,515,20,23,11.83,21:54:06.068692,
189,1,559,22,26,8.19,08:39:26.083603,
189,1,732,18,12,15.68,02:54:42.030928,565
121,1,385,29,29,7.78,22:12:21.844881,
259,1,486,16,12,13.89,19:52:56.862936,1794
3,1,880,29,22,7.00,10:47:57.111223,
3,1,564,22,22,9.56,18:54:18.404958,
121,1,706,13,27,15.97,09:41:01.175304,
186,1,603,29,27,19.90,13:17:58.067594,
189,1,200,25,14,6.17,01:32:55.461346,1922
121,1,46,15,15,7.50,04:18:25.021272,
3,1,87,17,21,4.21,21:00:16.000406,
259,1,743,12,21,18.02,14:09:32.065949,
189,1,758,17,20,19.08,20:45:46.932597,
186,1,331,20,22,7.19,07:17:16.243082,
259,1,819,25,14,6.17,04:32:51.990756,1922
186,1,115,21,13,17.83,14:55:17.075855,
81,1,541,19,18,11.57,05:07:10.0237,
259,1,154,12,12,14.63,09:10:49.32668,
186,1,339,30,30,19.03,19:34:53.499671,
189,1,710,26,19,6.38,00:11:47.304377,
121,1,744,25,14,6.17,11:31:19.897657,1922
49,1,350,26,15,14.65,17:23:43.561123,
97,1,318,18,20,8.59,00:45:35.657128,
189,1,573,12,12,16.22,09:44:16.364469,1799
186,1,415,11,11,8.25,10:36:27.151743,
186,1,640,13,27,15.97,22:34:51.062493,
3,1,43,29,24,5.66,05:03:26.55554,
97,1,141,30,25,15.60,04:17:19.879393,
49,1,475,24,28,16.97,17:27:37.298403,
259,1,667,24,19,16.39,05:46:05.611164,
3,1,774,23,24,19.72,18:50:22.496182,
97,1,713,30,21,17.79,09:33:52.444843,
121,1,307,15,28,17.79,14:10:56.292795,
97,1,769,16,23,14.43,12:35:15.262843,
49,1,96,25,14,6.17,12:55:19.769299,1922
3,1,165,27,19,3.51,22:01:17.990596,
81,1,829,13,22,14.89,08:40:35.002347,
97,1,212,12,12,16.22,20:33:49.294284,1799
121,1,599,29,30,17.60,12:00:12.618674,
3,1,132,21,26,12.16,10:36:06.159589,
97,1,857,13,14,7.73,12:08:54.159971,
186,1,346,27,14,4.62,08:33:08.717947,
3,1,433,18,24,14.84,22:47:13.030045,
3,1,639,25,14,6.17,00:16:12.670375,1922
189,1,76,28,14,10.39,17:34:52.972757,
186,1,405,17,21,4.21,07:24:33.507447,
121,1,787,28,26,6.52,11:31:53.366343,
97,1,315,29,22,7.00,00:18:17.482014,
186,1,869,18,25,15.15,12:03:40.902441,
97,1,534,29,26,19.93,04:17:37.828903,
186,1,672,13,24,8.79,18:49:01.718899,
81,1,275,19,25,19.71,23:08:07.670766,
81,1,190,29,13,16.54,13:16:58.761503,
259,1,732,30,23,5.32,14:20:34.073375,
3,1,832,25,13,18.58,11:44:48.450214,
97,1,697,17,27,13.73,11:13:57.10661,
189,1,909,29,29,7.78,13:38:51.675771,
49,1,1002,28,19,5.24,07:23:36.617338,
81,1,86,18,12,15.68,05:22:01.946125,565
97,1,846,23,26,5.93,19:02:10.392825,
189,1,64,11,23,6.37,22:56:05.023107,
121,1,473,17,20,19.08,04:05:03.588792,
121,1,223,18,12,15.68,19:55:44.000008,565
259,1,649,20,19,14.62,16:33:34.551422,1648
121,1,221,30,16,3.23,03:45:10.411137,
81,1,456,24,25,10.82,18:06:25.312406,
121,1,523,30,14,16.30,18:07:30.279709,
186,1,710,29,22,16.86,05:27:12.224989,
97,1,393,24,14,4.05,14:18:20.376959,
49,1,109,14,29,3.86,01:05:56.981926,
186,1,52,13,14,17.48,15:39:18.698264,
49,1,130,18,24,14.84,10:14:53.052524,
97,1,264,21,24,13.78,23:03:20.822359,
97,1,448,21,22,12.84,22:36:05.150789,
3,1,98,18,14,8.38,17:39:36.637435,985
186,1,554,11,12,6.20,01:09:59.298773,
49,1,550,25,14,6.17,10:18:13.984928,1922
189,1,566,25,19,14.06,23:02:37.285305,
259,1,518,17,24,13.44,04:04:26.11911,
81,1,950,28,12,10.78,15:43:50.139522,
186,1,630,29,22,7.00,11:18:32.706154,
121,1,141,29,19,11.46,19:36:46.951304,
97,1,615,18,20,8.61,18:39:05.19611,
186,1,253,23,24,15.78,23:58:11.627465,
189,1,574,26,24,13.95,02:25:10.480381,
97,1,43,20,19,14.62,22:35:38.152498,1648
3,1,409,12,13,17.79,11:55:08.741211,
259,1,32,30,23,5.32,02:35:57.7308,
189,1,190,16,16,4.20,12:28:46.623984,
97,1,896,29,29,16.69,03:16:07.049703,
3,1,741,27,21,11.54,08:15:11.328718,
121,1,166,13,24,11.50,05:59:40.727195,
49,1,881,15,20,16.76,03:07:59.584361,
97,1,628,20,19,14.62,09:09:01.887173,1648
49,1,949,18,12,15.68,05:54:37.289298,565
189,1,815,29,24,10.12,00:34:28.074174,
81,1,943,18,13,8.82,18:55:04.583568,
81,1,839,30,14,16.61,10:48:20.114068,
49,1,952,25,20,4.29,00:55:16.869986,
186,1,420,28,11,5.53,19:44:41.125047,
121,1,137,29,18,13.12,16:53:32.541682,
81,1,976,13,17,19.05,08:33:52.220675,
49,1,317,30,17,11.16,14:18:55.697476,
3,1,718,18,14,8.38,21:09:18.132685,985
81,1,127,15,21,8.21,13:26:46.979032,
49,1,191,12,12,16.22,01:45:04.158916,1799
49,1,98,20,19,14.62,05:06:18.299131,1648
81,1,161,26,20,5.58,09:23:43.345773,
186,1,443,25,22,13.35,02:21:11.977129,
259,1,849,15,27,3.83,06:34:02.405928,
189,1,274,16,21,14.18,03:40:24.604867,
189,1,357,29,19,11.46,11:39:46.083432,
259,1,428,16,12,13.89,19:33:43.124212,1794
3,1,472,17,22,9.22,12:00:40.01813,
3,1,19,28,27,17.92,03:13:40.237041,
81,1,358,15,21,4.93,11:02:12.912804,
49,1,676,24,24,10.93,12:57:20.385851,
189,1,903,25,14,6.17,23:52:55.275944,1922
97,1,532,29,27,19.90,21:45:47.887064,
189,1,352,14,29,8.20,06:49:04.133523,
49,1,1028,29,21,15.81,21:00:19.853944,
186,1,967,22,27,17.33,18:31:40.27432,
189,1,407,27,14,4.62,10:23:55.06251,
81,1,210,28,14,10.39,14:06:00.360633,
121,1,328,17,27,13.73,15:46:09.296513,
189,1,250,15,19,10.05,16:44:43.965401,
3,1,562,14,11,5.39,05:27:23.036682,
186,1,538,17,26,17.34,12:46:18.094223,
3,1,233,11,24,13.66,21:48:54.72985,
189,1,814,26,18,19.99,23:34:55.172524,
97,1,282,29,13,16.54,03:33:38.079806,
121,1,871,16,12,13.89,08:20:16.212462,1794
186,1,913,16,19,13.01,13:22:45.976694,
186,1,270,16,12,19.10,19:41:54.933046,
259,1,76,15,29,6.35,09:32:19.292723,
3,1,817,28,20,18.14,10:24:59.860644,
49,1,682,13,12,14.31,05:02:30.703932,
186,1,864,30,24,11.93,06:46:53.378797,
97,1,974,25,23,11.75,22:51:54.608089,
186,1,728,18,30,19.94,16:19:43.407562,
81,1,247,30,26,8.59,19:30:15.974786,
81,1,642,15,30,12.37,13:43:23.419116,
186,1,575,14,19,10.60,20:45:26.492715,
3,1,996,17,25,4.09,23:29:29.084804,
81,1,448,23,22,12.71,19:51:03.280839,
189,1,748,18,14,8.38,01:03:25.028045,985
186,1,1036,25,14,6.17,09:29:26.924598,1922
81,1,534,20,13,18.76,12:48:35.126906,
49,1,396,25,14,6.17,12:42:01.082965,1922
259,1,889,18,12,15.68,13:28:28.533173,565
121,1,506,15,14,5.92,21:43:55.854084,
49,1,754,21,22,18.16,07:51:17.254864,
3,1,640,20,19,14.62,09:45:54.295598,1648
3,1,228,26,18,19.99,23:00:05.058191,
97,1,564,15,15,7.47,14:18:08.716668,
81,1,238,25,14,6.17,07:48:42.253436,1922
186,1,687,30,17,11.16,19:18:27.672664,
189,1,992,15,14,5.92,18:40:13.528956,
81,1,213,23,19,11.83,22:54:17.898939,
81,1,546,17,25,15.52,13:36:59.793679,
189,1,333,28,26,10.28,18:45:26.317983,
49,1,81,25,14,6.17,18:21:03.269032,1922
259,1,943,14,29,8.20,01:38:48.392985,
121,1,148,30,28,5.34,17:42:01.491688,
259,1,790,25,14,6.17,18:44:04.668156,1922
97,1,878,16,12,13.89,13:07:44.101102,1794
97,1,116,19,26,17.12,16:32:19.194034,
97,1,275,17,20,5.07,04:01:46.236575,
121,1,639,20,19,10.67,02:40:25.821389,
121,1,639,11,12,16.60,14:45:23.861188,
121,1,219,14,19,10.60,07:26:57.570645,
97,1,787,16,16,13.73,14:37:05.153302,
3,1,407,19,11,8.33,04:59:06.280212,
121,1,427,14,29,6.53,10:55:49.771585,
81,1,270,13,20,10.86,18:11:26.723631,
81,1,251,19,11,8.33,03:35:09.686479,
186,1,440,25,14,6.17,03:03:44.550288,1922
49,1,987,19,28,18.93,20:12:51.600153,
3,1,653,16,27,13.56,15:38:13.16721,
259,1,264,20,14,6.27,17:17:14.185121,
81,1,213,24,16,9.94,02:59:07.657154,
121,1,485,21,22,18.16,22:51:30.299946,
81,1,276,25,15,3.15,05:56:03.815409,
81,1,991,14,15,6.90,22:00:36.988657,
81,1,520,16,12,13.89,18:11:52.3771,1794
186,1,672,11,25,14.63,13:41:48.691588,
3,1,498,25,14,6.17,09:20:22.725471,1922
189,1,274,29,17,17.93,21:16:19.774357,
259,1,520,26,18,10.24,06:30:16.386049,
121,1,929,15,21,8.21,10:17:53.086131,
121,1,591,25,14,6.17,19:32:35.000717,1922
97,1,464,15,24,11.61,02:34:12.237517,
259,1,847,15,29,14.31,02:23:42.677834,
186,1,1035,12,12,16.19,00:32:41.705998,
97,1,296,16,19,13.01,03:01:56.603159,
3,1,169,18,30,19.94,18:05:20.195924,
97,1,347,29,18,14.06,08:49:08.206299,
259,1,398,21,22,12.97,19:14:14.53118,
189,1,129,20,13,10.87,12:09:44.409875,
97,1,398,28,17,6.31,19:03:15.381867,
189,1,739,25,23,11.32,07:14:24.117796,
49,1,406,18,29,19.09,02:52:37.375002,
121,1,840,20,19,10.67,06:55:26.187487,
49,1,37,15,30,12.47,18:31:19.406806,
81,1,511,16,14,17.59,09:30:37.497963,1520
97,1,676,18,14,8.38,12:26:42.876096,985
97,1,573,11,23,6.37,20:51:39.76302,
259,1,891,25,23,11.75,09:30:12.452106,
121,1,1063,28,24,3.41,00:48:34.403271,
259,1,1064,17,19,11.82,05:33:11.126888,
81,1,466,16,23,14.43,04:28:27.614684,
49,1,307,25,22,13.35,08:07:50.636934,
259,1,200,18,14,8.38,03:19:29.346729,985
81,1,819,14,17,16.92,07:00:20.281868,
97,1,707,22,22,9.56,11:14:06.136361,
121,1,611,26,16,6.35,14:25:22.884667,
3,1,651,15,27,5.91,11:41:40.514171,
49,1,198,13,24,19.32,18:44:10.877445,
81,1,284,15,19,10.05,23:28:19.34852,
121,1,1059,20,14,6.27,14:47:38.977601,
97,1,1032,25,16,18.51,05:49:08.886748,
121,1,14,11,15,8.64,12:57:19.990558,
259,1,197,22,27,15.55,08:38:15.129104,
97,1,255,18,14,8.38,06:49:23.139675,985
121,1,826,25,17,12.74,09:57:59.385126,
81,1,644,12,26,15.49,15:33:22.116521,
3,1,775,23,30,11.83,01:24:47.144354,
49,1,25,25,25,6.13,04:34:15.070811,
186,1,973,11,25,19.63,06:43:55.049483,
81,1,127,30,29,19.08,15:01:43.098781,
121,1,263,15,19,10.05,16:03:57.495659,
49,1,894,14,29,6.53,09:32:15.388393,
259,1,720,22,12,19.75,10:15:18.321424,
259,1,278,15,21,5.27,19:48:22.244503,
121,1,236,29,18,13.12,18:09:53.669456,
49,1,1011,16,21,14.18,09:32:45.696548,
186,1,105,16,26,18.97,21:03:41.247176,
97,1,1010,25,14,6.17,12:45:13.64938,1922
121,1,298,25,22,19.06,01:40:36.198817,
189,1,300,21,20,9.18,11:58:27.232684,
186,1,705,25,19,17.79,09:21:09.415787,
97,1,815,24,13,5.87,13:31:41.34583,
121,1,98,16,30,12.17,08:39:31.281951,
49,1,78,25,14,6.17,10:42:34.802717,1922
121,1,730,25,14,6.17,13:49:25.24649,1922
186,1,509,20,19,14.62,11:10:39.672352,1648
81,1,181,21,24,17.00,18:03:27.37363,
3,1,959,17,26,17.34,13:51:25.705995,
3,1,269,27,26,15.54,00:30:35.343309,
81,1,1006,20,19,14.62,16:34:33.363227,1648
189,1,151,12,12,16.22,19:12:54.472511,1799
189,1,160,28,13,16.51,09:00:31.937837,
186,1,197,21,27,9.33,23:40:00.606474,
121,1,661,18,12,15.68,07:58:14.048528,565
121,1,505,25,14,6.17,16:49:03.16636,1922
3,1,1052,27,15,9.81,23:47:32.002691,
49,1,590,20,22,7.19,09:11:36.247992,
186,1,584,23,24,15.78,10:41:06.238172,
189,1,776,26,15,16.81,22:02:32.323394,
49,1,335,11,19,9.94,10:42:59.886453,
189,1,383,18,15,8.04,11:32:47.782918,
259,1,93,24,16,9.94,16:26:27.237603,
259,1,1010,26,27,15.27,06:18:47.582626,
121,1,1063,25,25,6.13,17:58:54.730158,
49,1,133,16,12,13.89,22:56:15.347843,1794
186,1,229,25,14,6.17,20:09:21.447515,1922
186,1,313,18,12,15.68,09:43:25.023065,565
3,1,781,16,14,17.59,18:00:15.498169,1520
121,1,199,16,19,16.61,09:43:44.954145,
97,1,92,13,24,19.59,17:03:01.892558,
186,1,627,22,30,15.03,22:19:07.786886,
97,1,1063,19,12,3.75,12:10:11.900142,
97,1,738,19,19,17.71,21:47:34.32221,
121,1,541,30,28,5.34,16:24:20.83906,
3,1,904,20,25,5.34,03:56:02.225035,
186,1,246,12,12,16.22,21:44:12.063815,1799
189,1,728,22,16,3.28,21:45:10.299335,
186,1,794,28,26,10.28,14:04:46.475953,
189,1,137,19,30,6.42,04:39:45.765051,1083
3,1,765,24,18,18.45,10:19:29.508218,
81,1,1038,20,22,7.19,16:47:36.26627,
49,1,539,17,25,13.01,04:56:07.044086,
189,1,1026,25,14,6.17,02:51:54.26411,1922
3,1,663,25,25,17.15,13:43:37.371674,
49,1,583,20,14,18.35,15:03:17.591149,1096
259,1,775,25,22,19.06,13:22:40.231352,
49,1,464,25,13,19.73,12:23:41.665752,
259,1,852,19,16,11.99,17:31:35.511514,
97,1,210,17,22,9.22,01:38:21.445979,
121,1,106,29,24,5.66,01:30:52.253519,
186,1,297,11,24,13.66,18:56:56.803301,
3,1,65,18,12,15.68,08:06:41.530058,565
121,1,820,27,13,8.41,09:10:01.907277,
3,1,1047,23,29,5.92,15:43:34.771409,
81,1,460,18,14,8.38,16:16:08.201875,985
97,1,141,25,23,11.32,20:27:54.242604,
259,1,538,24,18,16.61,12:04:40.218077,
121,1,259,21,26,9.43,15:00:22.173483,
97,1,782,16,14,17.59,11:17:34.550831,1520
81,1,73,16,26,18.97,10:48:20.847444,
121,1,538,18,14,4.91,07:54:35.298137,
97,1,757,27,30,19.19,05:43:18.368448,
121,1,672,18,17,12.02,10:20:15.754158,
121,1,655,15,12,5.01,15:32:07.644003,
189,1,822,17,22,15.98,02:44:25.227921,
49,1,997,22,15,10.34,14:17:45.018857,
121,1,689,14,28,19.52,17:29:03.095752,
97,1,721,25,22,19.06,11:46:10.118984,
49,1,924,25,14,6.17,15:53:54.93364,1922
121,1,604,25,25,6.13,10:44:16.385617,
49,1,1002,17,28,15.24,20:55:59.864075,
81,1,809,27,30,19.19,01:41:51.139511,
81,1,1052,18,14,8.38,10:45:39.843123,985
97,1,955,21,22,18.16,12:53:24.405864,
259,1,826,20,11,6.40,05:46:30.553024,
259,1,534,21,28,17.68,14:43:58.358512,
49,1,730,24,16,9.94,07:59:43.321865,
259,1,461,15,18,14.13,14:26:21.550366,
3,1,560,25,14,6.17,23:02:03.843216,1922
81,1,273,16,23,6.09,10:18:08.666673,
49,1,692,27,28,8.42,21:45:48.492958,
97,1,1063,13,28,17.88,04:13:25.475482,
121,1,988,25,13,19.73,01:36:45.423198,
97,1,426,26,22,12.75,07:23:26.811664,
121,1,16,24,18,3.54,11:15:37.528305,
3,1,879,27,13,16.48,23:16:20.472647,
3,1,888,28,26,6.52,23:02:53.706582,
81,1,159,23,18,3.43,04:13:20.514071,
259,1,503,25,14,6.17,05:42:10.755096,1922
259,1,305,16,12,13.89,07:06:58.479515,1794
81,1,593,21,13,8.74,00:58:00.711723,
121,1,1062,22,28,10.28,17:43:41.945631,
189,1,142,12,30,11.29,01:25:34.682456,
3,1,150,12,19,15.50,17:19:55.856833,
189,1,226,11,14,3.51,16:09:05.713993,
259,1,854,18,12,15.68,09:40:54.912524,565
121,1,583,25,14,6.17,06:44:39.550814,1922
121,1,571,26,15,16.81,05:49:18.642,
121,1,852,12,21,15.66,08:56:56.575141,
121,1,923,18,14,4.91,09:56:12.35206,
121,1,297,16,21,14.18,07:25:09.412936,
121,1,563,22,26,8.19,16:30:32.162006,
81,1,1095,30,30,10.91,01:08:57.418988,
189,1,68,18,14,8.38,02:30:59.521123,985
49,1,873,27,19,4.25,20:39:02.142508,
189,1,500,19,24,11.10,21:34:26.142598,
189,1,883,25,14,6.17,05:14:04.235701,1922
49,1,760,20,19,14.62,23:12:41.533319,1648
186,1,1066,18,25,6.39,01:30:45.058049,
49,1,952,19,22,18.02,21:12:45.570588,
49,1,395,19,25,5.77,11:43:20.189294,
186,1,442,18,25,16.82,10:08:23.965253,
49,1,848,26,22,12.75,04:20:52.836846,
81,1,821,13,20,10.86,16:12:49.930961,
186,1,613,12,20,13.11,13:20:56.815589,
49,1,330,14,23,3.77,20:44:13.188424,
186,1,832,13,21,13.41,10:24:44.583706,
189,1,923,19,24,11.10,08:06:01.800232,
49,1,983,24,28,16.97,01:43:27.6676,
3,1,444,25,14,6.17,21:46:52.217836,1922
186,1,500,23,26,5.93,11:25:19.202163,
121,1,383,22,22,9.56,07:25:07.884012,
259,1,601,27,22,16.19,14:00:28.716878,
189,1,331,20,29,12.29,18:22:34.354562,
186,1,125,19,19,17.71,03:15:10.219085,
259,1,239,24,30,15.18,10:52:36.267801,
97,1,1071,20,19,14.62,00:48:54.537525,1648
121,1,807,21,23,11.04,12:35:41.377983,
3,1,1011,13,17,19.05,02:25:26.41479,
3,1,335,21,15,16.01,06:24:02.046891,
186,1,1019,25,14,6.17,02:35:43.572665,1922
259,1,1030,18,13,8.94,03:23:37.261113,
259,1,450,19,17,10.39,07:31:52.182611,
3,1,541,12,23,19.92,13:00:58.068503,
121,1,700,19,13,5.10,12:10:02.938518,
81,1,563,25,14,6.17,15:17:27.324733,1922
49,1,99,22,27,17.33,17:51:15.22855,
121,1,509,25,19,14.06,19:35:46.437597,
3,1,166,29,27,4.96,09:51:31.356729,
189,1,107,12,26,15.49,22:34:06.010448,
186,1,549,21,16,13.47,16:24:15.381042,
186,1,632,12,26,10.05,03:23:16.950845,
189,1,1101,16,12,13.89,12:22:11.528147,1794
121,1,38,24,30,15.18,18:54:59.879656,
186,1,904,18,28,9.63,01:36:26.589066,
121,1,707,30,16,3.23,14:29:50.149724,
186,1,39,11,13,19.54,06:52:45.891199,
81,1,235,24,14,7.91,22:51:31.053362,
49,1,151,16,12,13.89,04:42:27.412575,1794
49,1,575,13,27,13.07,18:14:19.691882,
97,1,340,21,14,11.98,02:48:17.895802,
186,1,1100,18,14,8.38,15:44:29.973097,985
49,1,684,29,27,19.90,01:23:32.792674,
121,1,252,29,27,19.90,11:23:48.811241,
97,1,662,21,13,17.83,00:08:28.553362,
186,1,1055,30,14,16.30,19:17:26.023281,
49,1,556,16,16,13.73,01:08:12.048801,
186,1,843,15,24,12.57,16:48:01.768668,
186,1,154,29,22,7.00,05:17:25.802863,
49,1,737,25,14,6.17,17:15:17.860742,1922
97,1,1111,18,14,8.38,09:36:59.309541,985
3,1,229,14,16,3.85,22:24:57.579031,
49,1,217,16,16,5.97,09:15:34.97772,
97,1,964,25,14,6.17,15:26:27.130613,1922
49,1,1116,17,15,11.35,07:47:15.333946,
259,1,104,13,14,7.50,00:24:07.778163,
259,1,215,15,20,16.76,01:39:35.355433,
121,1,969,29,24,10.12,15:56:59.842371,
121,1,1099,24,30,15.18,12:14:14.964578,
49,1,348,13,12,8.08,07:55:24.9974,
49,1,889,18,15,8.04,13:07:34.980639,
97,1,593,30,17,11.16,22:26:18.807435,
3,1,105,26,15,14.65,02:58:01.632352,
189,1,922,18,14,8.38,06:18:46.784078,985
97,1,767,14,25,9.59,12:27:28.574236,
49,1,726,15,13,6.73,08:08:42.748745,
189,1,438,18,30,19.94,23:16:19.985705,
81,1,169,20,29,12.29,09:48:56.771169,
259,1,663,29,22,6.45,19:03:32.069463,
97,1,981,24,26,18.84,06:30:40.277205,
81,1,692,30,14,10.80,14:39:30.545666,
49,1,231,20,23,11.83,19:01:45.101571,
49,1,562,17,19,8.14,07:06:25.830311,
97,1,922,12,24,7.01,17:17:03.894965,
121,1,689,15,13,6.73,21:27:13.010926,
49,1,1063,16,18,7.30,21:34:53.457721,
49,1,1107,25,14,6.17,10:00:13.664084,1922
189,1,930,29,24,10.12,06:13:06.556728,
259,1,27,25,14,3.31,15:38:27.776502,
259,1,948,19,12,10.89,14:53:28.303037,
189,1,189,13,19,11.08,14:06:53.011987,
3,1,827,24,19,11.80,09:13:13.266556,
81,1,383,27,28,3.41,01:27:20.26362,
186,1,45,30,29,19.08,12:37:36.292862,
186,1,156,28,11,4.00,19:34:43.819293,
259,1,864,15,24,12.57,14:18:23.855522,
81,1,444,26,18,11.64,20:22:47.819258,
49,1,115,18,12,15.68,15:56:50.575688,565
97,1,418,13,19,14.94,03:06:09.262559,
97,1,783,26,18,10.24,05:35:07.252089,
49,1,406,23,22,8.66,17:26:40.082588,
97,1,21,18,12,15.68,20:22:54.68606,565
81,1,1136,20,19,10.67,10:30:29.593014,
121,1,402,15,15,7.50,03:56:43.127905,
189,1,270,13,15,16.58,12:48:10.867152,
121,1,531,29,24,10.12,08:59:20.644903,
81,1,76,15,27,3.83,10:44:07.211891,
189,1,1063,17,22,15.98,21:52:22.358927,
186,1,179,29,24,5.66,16:06:48.963465,
189,1,941,14,14,10.38,01:57:55.399718,
186,1,171,11,30,16.29,18:13:31.039244,
189,1,280,24,13,3.18,18:47:03.705906,
49,1,1052,20,17,9.78,04:27:45.896069,
49,1,567,12,19,15.50,02:18:20.214053,
121,1,61,12,12,16.22,22:29:38.017096,1799
3,1,738,28,24,3.41,03:57:55.715533,
49,1,361,14,28,8.35,18:12:53.074696,
81,1,1008,25,14,6.17,23:25:43.044049,1922
81,1,1126,19,25,19.71,18:36:10.113442,
189,1,119,13,29,10.22,01:43:27.333587,
97,1,661,26,22,12.75,04:10:19.650528,
49,1,828,23,22,12.71,02:55:45.897216,
186,1,810,23,24,19.72,11:52:27.918571,
97,1,760,22,23,17.73,10:37:42.192414,
97,1,762,14,19,10.60,09:06:36.090711,
121,1,911,25,16,4.78,09:52:31.57912,
49,1,363,24,14,7.91,21:42:50.473923,
259,1,875,11,14,3.51,08:29:58.569815,
97,1,399,20,19,14.62,11:55:33.832531,1648
189,1,988,24,20,19.88,05:00:16.983118,
259,1,478,25,14,6.17,08:52:11.401282,1922
3,1,882,25,14,6.17,11:14:04.499321,1922
121,1,91,11,14,3.51,06:54:22.466295,
97,1,1124,22,24,4.89,08:23:33.109616,
186,1,979,25,19,17.79,12:45:45.655519,
186,1,735,29,14,6.56,22:56:13.903958,
81,1,714,16,12,13.89,20:24:26.388653,1794
121,1,538,12,14,10.05,08:05:49.662194,488
3,1,1093,18,13,8.94,00:56:53.012558,
186,1,988,25,22,19.06,02:43:37.594681,
3,1,414,13,24,8.79,22:42:08.532034,
189,1,560,30,28,5.34,18:47:34.176686,
97,1,121,12,12,16.22,20:01:15.216435,1799
49,1,857,22,15,10.34,06:24:02.695869,
186,1,669,27,14,4.62,17:18:49.226945,
186,1,179,11,14,6.70,05:00:09.433833,
81,1,296,19,22,13.99,01:54:09.477109,
121,1,13,14,23,3.77,08:53:22.178362,
189,1,686,12,12,16.22,03:58:16.556922,1799
259,1,487,25,23,11.32,01:15:23.027744,
121,1,62,18,17,6.05,19:26:27.694315,
49,1,461,27,30,19.19,01:13:04.686605,
81,1,325,25,20,12.95,01:18:51.911305,
49,1,728,18,18,12.33,04:46:29.685275,
81,1,14,29,25,9.25,22:00:50.14689,
3,1,484,29,11,8.76,21:44:37.188868,
121,1,1104,11,12,18.59,15:38:06.760342,
189,1,467,25,25,6.13,14:11:03.211173,
3,1,357,20,19,14.62,03:15:25.795824,1648
189,1,782,22,29,3.40,01:35:21.329456,
259,1,588,16,21,9.67,01:53:53.841149,
81,1,216,25,14,6.17,13:22:42.399021,1922
259,1,158,25,14,6.17,06:39:52.910398,1922
121,1,693,25,14,6.17,07:40:30.415298,1922
49,1,43,27,13,16.48,17:24:22.896886,
189,1,186,15,25,9.53,11:38:17.595626,
3,1,686,12,30,11.29,14:31:36.693247,
189,1,1028,25,14,6.17,02:16:32.767269,1922
121,1,326,28,26,6.52,10:33:29.599947,
49,1,178,15,30,12.37,05:03:45.216084,
3,1,969,25,14,6.17,02:54:47.099867,1922
97,1,439,12,12,16.22,16:02:46.118794,1799
3,1,681,25,20,10.52,12:02:15.846865,
97,1,445,24,24,13.15,03:46:44.337638,
121,1,606,30,30,10.91,12:59:07.023539,
49,1,530,24,18,16.61,09:03:06.989599,
3,1,908,27,17,3.99,13:47:38.004837,
121,1,253,19,13,4.72,00:40:15.404294,
3,1,553,14,16,6.19,23:58:11.652392,
49,1,1132,29,18,14.06,00:21:44.919876,
97,1,884,24,22,18.12,22:27:50.555135,
81,1,464,18,30,7.09,04:45:56.980382,
259,1,1090,21,24,13.78,01:15:14.539554,
3,1,163,14,26,17.63,12:53:19.243071,
81,1,1076,18,14,8.38,13:29:19.035999,985
259,1,154,16,12,13.89,16:05:59.881748,1794
259,1,746,23,26,4.17,14:12:48.905076,
186,1,665,22,20,5.86,04:11:06.789053,
121,1,1006,25,14,6.17,02:38:43.09409,1922
189,1,358,28,19,5.24,17:25:12.223626,
186,1,1043,24,29,13.84,02:06:52.20867,
3,1,1114,16,12,13.89,04:46:14.054268,1794
3,1,439,11,12,6.20,23:47:21.901478,
49,1,605,25,14,6.17,06:54:01.895113,1922
189,1,349,30,29,19.08,01:44:38.195539,
121,1,1035,11,24,13.66,20:27:05.520388,
49,1,891,27,26,10.35,22:53:35.241045,
186,1,889,23,24,11.02,08:51:17.589531,
81,1,920,30,14,17.11,01:16:11.590911,
3,1,673,16,20,15.90,23:35:05.471847,
3,1,49,16,13,6.67,16:31:28.640021,
121,1,22,17,24,13.55,11:18:46.923907,
186,1,161,16,12,13.89,18:20:17.268712,1794
189,1,200,12,21,18.02,02:40:09.205942,
81,1,216,11,11,8.25,06:44:38.415806,
259,1,30,11,11,8.25,05:22:53.756715,
97,1,768,21,15,6.83,23:39:40.138541,
81,1,922,21,30,16.59,06:55:30.227306,
81,1,854,24,24,13.15,03:25:28.863284,
121,1,778,13,28,17.88,23:00:12.799359,
189,1,762,13,24,8.79,15:03:47.040169,
49,1,683,26,24,17.81,17:40:33.492856,
49,1,595,19,13,5.86,08:17:10.176104,
189,1,461,29,22,7.00,18:45:09.132589,
259,1,358,13,12,8.08,01:33:59.173764,
3,1,896,17,20,5.07,07:30:13.33948,
121,1,220,15,30,12.47,03:33:35.846003,
121,1,839,20,11,6.40,00:13:43.179733,
186,1,202,18,12,15.68,07:11:35.375336,565
121,1,281,19,13,5.86,01:15:43.013785,
49,1,898,24,11,10.82,12:02:33.844387,
49,1,328,25,19,19.21,10:34:44.031376,
259,1,416,12,25,18.55,08:16:26.345587,
259,1,98,14,20,13.05,13:03:50.700379,
3,1,250,14,28,19.52,18:24:27.189999,
97,1,137,18,25,15.15,13:53:13.652811,
81,1,491,19,20,9.65,18:22:54.106307,
97,1,447,23,26,4.17,13:46:38.743067,
189,1,1076,30,24,6.11,09:53:51.27816,
189,1,290,24,18,3.54,11:17:41.952131,
3,1,218,20,19,14.62,07:11:34.131156,1648
81,1,822,20,14,6.27,13:03:42.387553,
81,1,724,14,30,19.13,15:45:58.802508,
49,1,51,22,29,15.74,00:49:31.062575,
81,1,26,25,19,19.21,16:05:38.699467,
97,1,64,13,29,10.22,18:18:01.874506,
186,1,153,21,28,17.68,05:22:05.008233,
186,1,999,24,28,16.97,01:27:20.513477,
189,1,866,13,29,10.22,00:50:33.870484,
189,1,441,25,19,17.79,20:20:29.135292,
121,1,809,12,12,16.22,23:37:52.083091,1799
97,1,134,17,23,12.75,03:57:57.56772,
81,1,499,28,24,3.41,15:25:48.747372,
3,1,915,15,25,12.22,08:47:10.054451,
259,1,226,25,14,6.17,13:23:57.200169,1922
49,1,1134,25,20,12.95,21:15:38.394702,
49,1,766,26,29,11.42,05:57:19.528941,
49,1,950,22,28,10.28,06:32:17.800444,
259,1,334,22,23,17.73,03:01:59.512929,
121,1,934,17,26,17.34,05:14:18.342046,
189,1,264,13,20,10.86,00:01:32.699526,
189,1,135,14,20,13.05,04:28:58.439225,
121,1,904,28,18,6.66,21:04:50.843851,
121,1,1175,28,17,6.31,07:40:07.855983,
81,1,791,30,14,16.30,11:46:23.540744,
81,1,1075,14,16,6.19,06:38:29.091329,
186,1,612,28,28,3.34,21:49:01.71839,
189,1,221,23,22,7.77,06:10:47.491597,
49,1,515,20,19,10.67,07:40:24.838078,
186,1,164,11,30,16.29,07:16:27.786305,
189,1,209,26,20,5.58,21:11:08.047571,
186,1,441,12,12,16.22,03:04:56.880179,1799
81,1,295,14,15,6.90,09:54:00.118076,
81,1,527,12,12,16.22,01:56:54.752458,1799
189,1,350,25,19,17.79,08:10:44.546233,
121,1,962,23,19,11.83,06:11:26.761851,
189,1,1151,29,22,7.00,13:55:02.643046,
121,1,767,18,17,12.02,00:45:34.199019,
49,1,254,13,15,8.04,18:30:14.080796,
97,1,299,14,19,10.60,13:29:59.29052,
81,1,202,12,23,19.92,21:53:04.468869,
3,1,122,15,25,8.69,23:38:27.257639,
81,1,538,15,25,12.14,17:51:58.3424,
189,1,641,19,23,15.72,16:25:19.091669,
259,1,1023,19,28,5.32,06:20:54.881791,
259,1,460,11,26,8.13,06:28:05.992882,
121,1,491,29,22,7.00,09:06:23.868601,
81,1,393,16,12,13.89,10:23:38.270736,1794
121,1,247,28,26,10.28,16:27:23.95296,
97,1,453,11,24,6.92,22:18:30.108701,
121,1,303,30,24,11.93,12:39:06.191162,
97,1,452,24,13,3.18,07:12:56.19461,
3,1,692,29,19,5.51,11:50:13.42299,
186,1,935,22,17,3.49,06:24:51.402914,
189,1,48,22,11,4.11,03:35:00.325587,
97,1,270,27,19,3.51,00:43:17.4551,
3,1,180,12,14,10.05,09:49:44.449905,488
97,1,95,19,22,13.99,22:37:13.012928,
121,1,648,29,27,4.96,02:43:39.093969,
186,1,864,13,14,14.41,06:35:05.575608,
49,1,980,28,20,16.61,06:22:41.775969,
259,1,138,20,19,14.62,02:59:10.842926,1648
189,1,431,19,21,18.03,15:38:28.866753,
121,1,802,30,11,17.99,13:08:25.876779,
49,1,1062,28,26,10.28,13:14:02.913072,
186,1,860,13,18,16.45,20:05:31.32169,
49,1,887,15,13,15.26,02:45:09.62252,
186,1,976,16,30,12.17,09:47:51.812707,
3,1,736,18,12,15.68,01:13:01.467742,565
97,1,434,23,28,7.99,12:19:45.445359,
121,1,154,20,26,12.80,18:53:46.136896,
97,1,272,18,30,7.09,20:46:21.426629,
259,1,758,25,14,6.17,05:31:26.674107,1922
81,1,331,30,30,10.91,00:00:43.735791,
81,1,386,12,21,18.02,23:15:36.161047,
259,1,144,28,13,17.29,06:50:30.638137,
189,1,133,13,24,19.32,10:07:04.445344,
121,1,873,24,13,3.18,07:40:51.130559,
259,1,433,19,16,11.99,19:12:42.385846,
81,1,1127,24,30,15.18,04:52:59.423836,
3,1,1010,24,14,4.05,20:25:44.030649,
189,1,1163,12,12,16.22,03:41:32.222236,1799
81,1,850,16,26,18.97,04:07:32.927356,
49,1,802,22,20,5.86,17:04:42.733473,
49,1,709,20,14,18.35,04:21:39.513072,1096
81,1,135,25,14,6.17,06:36:25.212839,1922
49,1,1007,12,12,16.22,13:13:52.497622,1799
186,1,929,14,16,3.85,02:28:58.854291,
3,1,583,14,26,17.63,04:05:55.158861,
186,1,1175,27,26,17.84,15:48:32.121044,
259,1,1178,22,22,9.56,14:07:47.265471,
97,1,472,25,14,6.17,02:55:43.954566,1922
81,1,172,19,28,18.93,10:54:02.780084,
189,1,1030,11,27,6.61,14:04:05.193102,
259,1,596,29,21,15.62,15:55:15.667488,
121,1,463,12,13,5.80,17:49:37.81776,
186,1,215,30,24,10.58,19:51:15.367411,
3,1,152,19,25,19.73,22:06:08.834781,
189,1,339,23,18,3.43,19:51:15.192976,
259,1,328,24,24,14.09,08:23:54.655771,
121,1,416,25,16,18.51,04:40:31.002262,
189,1,389,18,17,12.02,16:30:52.021276,
97,1,104,11,16,19.20,05:40:56.688777,
186,1,560,23,23,13.02,04:11:12.578076,
3,1,483,18,24,14.84,10:44:33.511337,
259,1,635,18,24,10.79,17:48:32.681361,
81,1,917,22,23,11.54,05:03:53.796108,
189,1,300,28,14,10.39,00:05:43.228989,
3,1,902,19,18,12.97,20:23:29.237022,
81,1,1036,11,23,6.37,21:02:24.184529,
121,1,1031,15,24,11.61,14:22:05.825831,
259,1,18,24,15,13.30,13:12:32.249245,
49,1,1075,27,28,3.41,17:09:28.422219,
121,1,634,28,26,10.28,14:03:51.572318,
121,1,20,23,19,11.83,05:01:38.232943,
49,1,834,24,29,13.84,10:42:07.768497,
259,1,508,18,14,8.38,11:17:57.135592,985
97,1,718,15,20,3.15,21:57:57.86352,
97,1,852,11,26,9.14,19:31:10.409695,
186,1,525,22,27,15.55,02:01:44.262713,
3,1,259,16,12,13.89,20:05:02.112447,1794
186,1,212,24,20,19.88,02:02:28.312821,
81,1,318,17,20,19.08,05:27:55.138186,
121,1,1102,23,14,17.53,09:00:25.397597,
81,1,813,17,25,4.09,01:39:54.999965,
189,1,897,21,12,9.52,21:13:45.650107,
3,1,883,13,19,14.94,07:01:50.159064,
121,1,1213,27,30,10.20,14:43:16.462534,
3,1,1173,30,23,5.32,15:05:26.72775,
3,1,451,12,12,16.22,13:13:29.900753,1799
3,1,904,11,30,10.01,15:28:50.884293,
81,1,1065,15,21,8.21,04:04:46.884234,
3,1,516,19,22,13.99,11:54:42.608489,
186,1,1173,20,26,11.24,05:02:18.884897,
189,1,1152,13,24,13.88,02:03:25.749579,
259,1,1114,16,20,15.90,08:45:14.015091,
189,1,718,15,15,7.50,15:08:21.779087,
189,1,118,24,17,8.97,14:12:50.707195,
121,1,935,14,20,8.51,02:52:16.895911,
49,1,452,12,12,14.63,14:35:17.743638,
97,1,428,12,14,10.05,23:21:03.415308,488
49,1,981,25,17,10.15,08:29:23.646096,
189,1,1209,12,14,10.05,08:31:56.014019,488
3,1,604,15,24,7.98,23:19:59.138502,
97,1,1053,20,27,10.44,10:09:10.792843,
97,1,1002,21,26,12.16,06:04:49.130923,
3,1,1005,19,20,13.16,03:21:47.310007,
186,1,501,12,20,4.97,13:03:06.876503,
49,1,20,25,22,18.04,03:42:27.7849,
259,1,899,12,23,19.92,10:55:22.071896,
81,1,351,20,23,11.83,07:11:35.047521,
3,1,241,18,12,15.68,14:20:05.920102,565
121,1,944,20,23,11.83,07:39:39.719538,
121,1,794,15,29,14.31,01:54:21.40976,
49,1,1117,22,24,4.89,11:26:37.334793,
121,1,925,11,26,9.14,05:20:03.396489,
189,1,111,19,13,4.72,22:00:32.17159,
121,1,1065,16,14,17.59,20:27:26.085014,1520
3,1,876,25,19,14.06,21:10:31.274506,
259,1,139,18,12,15.68,12:17:28.146773,565
259,1,992,15,20,3.10,08:40:06.993603,
97,1,803,19,21,4.89,05:04:11.350605,
49,1,654,18,14,8.38,15:42:15.973309,985
186,1,482,29,17,17.93,06:26:12.178673,
259,1,27,18,18,12.33,17:52:08.135083,
81,1,415,15,26,17.74,18:18:02.765085,
186,1,426,13,29,10.22,01:45:10.291205,
97,1,346,22,14,19.53,17:04:05.687131,
259,1,1000,26,12,14.29,11:40:52.912771,
81,1,579,15,17,9.77,07:55:47.771931,
81,1,899,15,21,8.21,07:37:45.063875,
189,1,199,20,19,14.62,07:25:50.788275,1648
81,1,612,15,18,14.70,07:32:18.132058,1010
121,1,372,11,16,19.20,23:58:00.048201,
97,1,583,12,12,16.22,15:28:08.831627,1799
186,1,322,18,18,12.33,04:03:05.932735,
121,1,49,19,25,19.73,03:47:54.317148,
121,1,1113,28,23,15.40,14:53:01.755721,
81,1,683,14,19,10.60,07:21:15.957435,
3,1,1107,16,12,13.89,03:53:25.461886,1794
3,1,761,19,22,13.99,13:13:04.272164,
81,1,39,17,19,11.82,13:05:17.159129,
97,1,660,25,30,15.05,02:11:07.814794,
81,1,869,13,21,13.41,11:34:28.560052,
81,1,57,22,12,19.75,11:46:18.335501,
189,1,1187,20,11,7.45,09:32:56.376451,
81,1,156,19,24,11.10,10:31:55.050206,
81,1,1024,12,12,16.19,11:03:10.786906,
49,1,665,22,16,3.28,12:05:39.833378,
121,1,976,26,18,11.64,05:51:04.844641,
189,1,885,15,15,6.76,03:27:01.807784,
189,1,1071,22,28,10.28,01:07:23.262648,
189,1,1138,30,24,11.93,11:40:54.122599,
189,1,260,15,19,5.54,17:55:10.849988,
121,1,39,25,25,6.13,05:19:40.33616,
121,1,45,27,17,6.03,03:53:21.276129,
97,1,210,21,22,12.97,12:01:05.202513,
186,1,842,25,29,15.60,23:38:08.09071,
259,1,704,23,30,11.83,18:22:27.641672,
189,1,492,18,25,6.39,11:01:01.954403,
121,1,659,17,28,10.89,07:20:17.788651,
97,1,858,22,26,10.25,04:16:40.489105,
186,1,953,15,30,12.47,12:46:53.862739,
186,1,1061,12,12,16.22,04:24:44.341452,1799
259,1,792,17,27,13.73,03:52:52.498088,
121,1,923,29,27,5.08,15:27:36.723782,
97,1,1000,20,11,7.45,05:56:38.781629,
259,1,147,18,24,14.84,02:04:53.99407,
3,1,999,16,12,13.89,02:17:20.101534,1794
186,1,1144,27,20,11.31,03:11:28.694658,
81,1,1104,20,19,14.62,00:41:07.219562,1648
81,1,533,18,12,15.68,20:56:21.69606,565
259,1,538,29,24,18.07,05:30:41.233354,
186,1,1241,14,20,13.05,01:56:56.676855,
186,1,465,29,11,6.27,18:02:38.695782,
3,1,765,18,25,16.82,15:01:34.98524,
121,1,202,22,14,19.53,22:52:18.353618,
49,1,321,26,12,11.92,20:05:49.125983,
186,1,127,18,15,8.04,23:21:16.07462,
259,1,557,15,29,6.35,00:02:48.457605,
189,1,1198,11,12,18.59,18:02:35.645695,
259,1,780,19,20,9.65,07:41:45.997644,
186,1,420,21,28,17.68,03:46:38.039181,
186,1,556,25,23,11.75,08:35:31.958523,
81,1,290,14,26,17.63,04:29:46.373209,
121,1,912,11,23,6.37,21:26:22.112874,
121,1,1100,29,21,15.81,04:30:40.011769,
186,1,770,16,15,3.82,08:16:31.90439,
49,1,602,16,14,17.59,17:01:32.116875,1520
49,1,72,11,14,3.51,15:47:10.475471,
121,1,1004,11,21,4.46,03:39:18.395403,
81,1,1031,16,19,13.01,06:45:00.52704,
121,1,948,16,12,13.89,02:21:41.827008,1794
3,1,1097,28,24,15.08,15:44:55.250973,
259,1,292,23,11,19.01,15:55:42.06417,
189,1,789,25,30,19.05,01:17:16.287836,
186,1,792,16,12,19.10,09:37:01.816562,
259,1,290,25,14,6.17,04:51:06.653081,1922
121,1,932,11,24,6.92,20:26:23.122119,
97,1,486,29,19,5.51,14:38:34.540989,
49,1,1211,12,12,16.22,16:42:29.311656,1799
49,1,1243,17,17,17.36,07:02:15.67438,
97,1,1213,27,17,12.62,22:49:32.991559,
189,1,954,18,14,8.38,10:52:34.80217,985
49,1,815,14,30,19.13,09:29:32.012402,
186,1,601,11,19,9.94,21:46:14.9429,
121,1,619,28,27,17.92,20:41:46.646839,
49,1,675,22,28,10.28,10:09:18.761118,
97,1,1136,18,20,8.61,02:20:53.716845,
259,1,173,25,14,6.17,07:15:37.389626,1922
186,1,196,18,12,15.68,08:59:19.887792,565
3,1,666,13,19,14.94,18:31:59.812367,
121,1,535,26,24,17.81,08:36:11.221006,
121,1,1181,27,13,16.48,23:08:07.148757,
3,1,1065,19,24,11.10,07:42:42.698426,
3,1,725,25,14,6.17,15:26:06.762104,1922
189,1,237,11,12,18.59,07:18:56.618519,
97,1,961,29,24,5.66,08:29:56.865664,
189,1,55,16,12,13.89,09:16:36.805593,1794
121,1,664,15,24,12.57,09:09:59.854862,
121,1,448,25,14,6.17,19:26:39.483172,1922
186,1,711,22,15,14.82,14:45:37.864591,
186,1,1096,24,17,8.97,07:29:04.707177,
97,1,530,17,26,17.34,13:07:17.617412,
81,1,714,13,14,7.46,07:56:38.272629,
121,1,70,20,29,12.29,01:29:46.413764,
97,1,33,24,19,11.80,11:29:02.078678,
49,1,1098,30,19,10.71,16:29:30.585577,
186,1,340,28,18,6.66,07:54:11.867862,
259,1,944,27,14,4.62,11:06:41.763238,
49,1,1030,21,15,6.83,19:57:05.900474,
186,1,163,18,14,8.38,19:11:21.848846,985
186,1,61,18,13,8.82,21:37:26.223924,
49,1,588,23,26,5.93,03:13:30.349487,
97,1,816,17,19,5.54,10:04:40.082481,
97,1,713,16,19,12.32,16:31:02.691526,1471
186,1,971,22,12,19.75,09:07:08.82614,
121,1,170,20,19,14.62,20:31:04.655597,1648
3,1,1092,22,29,3.40,16:20:44.854397,
186,1,753,28,14,16.37,18:07:39.737822,
3,1,403,20,19,14.62,07:08:07.801832,1648
97,1,354,18,13,11.50,05:55:51.295398,
186,1,749,27,15,9.81,09:33:48.789935,
259,1,397,18,29,19.09,18:25:46.686159,
81,1,644,20,19,14.62,03:49:34.922051,1648
49,1,927,19,22,13.99,13:29:44.441048,
3,1,1157,28,26,10.28,00:40:17.21387,
259,1,1082,12,13,17.79,03:12:01.022045,
81,1,689,12,30,11.29,12:05:55.851223,
189,1,199,25,13,18.58,15:49:05.616022,
3,1,887,11,12,12.84,16:32:39.065736,487
3,1,1175,19,22,18.02,16:05:29.03886,
189,1,682,13,20,10.86,11:08:45.525916,
189,1,826,15,18,14.70,15:29:10.797817,1010
49,1,1035,19,17,10.39,02:56:54.520811,
121,1,766,21,14,8.63,11:01:49.932572,
121,1,954,23,29,5.92,04:25:02.917563,
186,1,399,11,22,19.19,18:59:30.893259,
81,1,916,29,27,19.90,14:19:15.461627,
259,1,680,15,28,17.79,01:39:01.873594,
189,1,219,25,29,15.60,19:26:49.884379,
121,1,494,19,22,15.45,11:22:06.927461,
3,1,758,25,20,12.95,09:00:56.362659,
49,1,1099,20,19,14.62,22:32:56.547948,1648
121,1,979,12,26,10.05,13:19:12.296179,
97,1,905,20,19,14.62,16:19:02.74563,1648
186,1,377,26,26,8.29,12:14:47.591253,
189,1,66,13,22,14.89,01:42:53.900244,
81,1,207,22,20,4.81,17:43:58.748249,
259,1,1168,28,14,10.39,00:30:48.145875,
259,1,1034,25,27,10.94,11:14:14.8576,
81,1,296,29,22,16.86,05:13:15.821678,
186,1,799,18,12,15.68,19:06:14.213318,565
97,1,683,29,13,16.54,10:51:36.948121,
186,1,560,15,12,5.01,00:39:46.722376,
121,1,218,22,29,15.82,22:39:24.888761,
121,1,194,28,24,3.41,01:32:08.86067,
259,1,382,15,20,16.76,00:24:49.945552,
3,1,316,16,22,9.17,00:24:47.263105,
81,1,486,25,14,6.17,21:13:30.294634,1922
3,1,1267,16,19,12.32,14:29:06.934263,1471
186,1,532,25,13,13.39,15:23:25.994364,
259,1,973,21,28,17.68,01:45:03.398733,
259,1,95,20,19,14.62,00:03:58.331353,1648
121,1,465,22,25,19.44,21:21:02.765362,
97,1,337,20,30,15.17,07:41:51.268479,
189,1,1134,22,29,15.46,03:56:36.240438,
259,1,394,19,30,6.42,18:36:44.140759,1083
97,1,768,24,18,9.27,02:04:04.929283,
3,1,1006,18,14,8.38,17:48:54.80874,985
259,1,573,18,14,8.38,08:05:34.108669,985
49,1,550,14,16,3.85,18:06:15.296851,
3,1,621,14,29,3.86,03:19:01.273149,
49,1,776,15,13,4.78,04:43:14.290247,
81,1,79,20,19,14.62,16:57:27.927934,1648
49,1,1054,20,19,14.62,15:36:28.035739,1648
121,1,737,25,29,4.75,09:21:21.735294,
97,1,910,26,26,8.29,09:36:14.8552,
121,1,741,16,16,4.20,00:33:55.950656,
97,1,229,17,26,19.61,13:24:12.195236,
121,1,298,21,13,8.74,17:49:49.952918,
189,1,231,26,12,14.29,13:00:16.95706,
97,1,956,16,23,14.43,15:42:12.81775,
189,1,1248,23,26,4.17,22:15:05.047823,
49,1,1184,28,18,19.73,16:54:49.914006,
186,1,936,25,14,6.17,01:54:07.11149,1922
121,1,1179,12,29,7.54,02:28:06.25162,
49,1,318,24,30,15.18,11:32:33.24202,
186,1,1263,19,19,7.91,09:18:57.628897,
97,1,37,16,19,12.32,16:36:23.507798,1471
97,1,958,16,17,11.97,05:36:38.259943,
81,1,1252,17,25,4.09,16:50:17.896992,
121,1,418,21,14,8.63,04:23:37.953037,
186,1,475,27,28,3.41,17:47:03.02453,
186,1,1116,23,30,11.83,04:02:19.966339,
97,1,675,12,23,19.92,17:56:28.960731,
121,1,621,18,13,8.82,18:24:33.708568,
189,1,1058,25,16,18.51,12:25:37.017335,
259,1,237,19,17,10.39,07:48:14.666325,
49,1,512,20,19,14.62,15:19:27.928266,1648
259,1,1026,28,11,4.00,14:45:36.960872,
259,1,80,19,23,9.30,13:14:55.315339,
3,1,99,21,30,10.68,16:42:35.5199,
259,1,1038,23,23,13.02,10:12:24.530803,
121,1,102,13,27,13.24,03:33:17.939708,
189,1,836,28,27,17.92,14:09:40.936764,
49,1,88,19,18,12.97,20:55:51.432554,
49,1,237,23,22,12.71,17:23:10.806382,
3,1,677,12,14,10.05,07:05:22.481675,488
3,1,1125,14,20,13.05,05:57:45.447343,
3,1,1199,25,24,9.12,11:33:28.805845,
121,1,382,16,24,6.23,02:50:23.481426,
81,1,632,17,26,19.61,03:25:53.932369,
259,1,314,17,29,12.97,19:29:28.749867,
81,1,790,16,25,19.07,04:57:15.164865,
121,1,371,13,23,9.41,10:03:13.055242,
3,1,1154,19,13,5.10,00:34:38.155167,
49,1,721,28,13,16.31,04:14:58.137819,
121,1,515,12,25,18.55,16:49:39.484082,
186,1,33,21,29,10.65,14:49:54.441783,
121,1,626,15,14,13.69,21:53:37.066357,
3,1,949,17,20,5.07,07:06:39.671392,
3,1,962,16,14,17.59,01:04:41.631074,1520
3,1,38,14,23,13.68,23:41:16.19987,
259,1,245,24,13,5.87,09:29:45.507631,
81,1,173,25,17,12.74,12:28:11.614727,
49,1,194,26,29,11.42,02:06:47.84706,
189,1,264,26,18,10.24,17:33:06.953272,
49,1,870,18,14,8.38,09:08:20.852513,985
49,1,564,12,12,16.22,12:13:39.636799,1799
97,1,27,15,13,4.78,00:45:13.118233,
121,1,456,25,19,19.21,07:24:14.35344,
186,1,1194,16,18,7.30,23:51:36.799628,
3,1,748,21,20,9.21,00:12:19.611087,
3,1,818,30,19,10.71,18:59:37.021048,
81,1,771,27,13,16.48,11:13:22.102525,
3,1,117,12,12,16.22,01:20:28.58707,1799
97,1,546,16,12,13.89,16:59:41.507228,1794
186,1,350,16,25,3.48,23:13:14.323892,
186,1,1211,17,19,5.54,23:58:07.878796,
259,1,66,27,30,3.11,09:05:24.589452,
81,1,880,25,14,6.17,19:32:32.041279,1922
186,1,1055,12,12,16.22,20:38:01.869653,1799
81,1,703,20,26,12.80,16:44:30.162256,
121,1,28,17,30,9.61,21:07:42.649636,
81,1,439,23,29,5.92,00:44:18.57409,
186,1,1169,25,19,19.21,18:18:32.608591,
121,1,1276,16,25,3.48,18:00:55.418103,
259,1,1238,27,21,11.54,19:29:39.949235,
3,1,1138,18,12,15.68,04:08:42.173721,565
186,1,990,29,30,17.60,18:15:13.038626,
81,1,515,19,23,9.30,16:05:03.531588,
3,1,201,16,17,8.30,05:28:58.939009,
189,1,69,12,30,11.29,07:56:40.930706,
259,1,72,22,23,17.73,05:57:57.133777,
97,1,344,16,21,14.18,09:11:35.064006,
121,1,1017,29,24,5.66,14:27:29.079872,
97,1,387,26,19,6.38,12:24:54.880758,
97,1,40,17,21,4.21,02:47:21.820247,
186,1,298,12,23,6.95,21:14:44.364617,
97,1,654,18,24,14.84,07:52:58.264979,
49,1,1042,28,17,6.31,21:51:03.073911,
81,1,156,19,23,15.72,11:44:52.673122,
97,1,1291,28,14,7.51,23:55:10.898834,
3,1,848,19,29,15.70,01:28:50.436604,
186,1,366,17,26,17.34,06:07:15.140903,
49,1,1005,13,27,13.24,05:11:00.523137,
121,1,820,23,24,15.78,01:53:51.565144,
259,1,303,14,30,19.13,12:56:00.210456,
49,1,813,21,13,17.83,15:46:45.978825,
3,1,1174,22,29,15.82,09:56:09.855887,
189,1,253,13,27,13.24,20:02:39.943467,
81,1,934,23,30,9.57,19:07:55.2841,
121,1,865,18,12,9.77,13:57:44.967262,
49,1,388,14,20,8.51,07:48:41.259877,
189,1,1275,18,29,14.77,14:19:37.419602,
3,1,653,19,24,11.10,03:00:54.243016,
3,1,581,13,24,19.32,15:26:41.831536,
81,1,793,15,12,18.58,04:18:52.612957,
3,1,902,16,29,12.16,20:52:03.261333,
3,1,499,17,30,9.61,13:34:40.707116,
186,1,20,25,14,6.17,01:11:52.723409,1922
189,1,881,25,29,4.75,12:10:23.303815,
81,1,310,21,30,10.68,07:52:02.331901,
97,1,703,11,25,13.02,09:20:25.076587,
121,1,1086,25,14,6.17,17:38:59.342607,1922
3,1,564,21,14,11.98,04:59:17.709761,
189,1,129,25,14,6.17,12:57:18.916635,1922
259,1,438,23,24,11.02,16:31:37.075403,
3,1,219,11,18,19.04,04:59:24.207166,
81,1,962,24,16,9.94,04:01:40.238332,
97,1,378,28,23,15.40,12:49:59.777399,
121,1,650,16,19,6.37,16:26:12.669271,
259,1,1292,18,25,16.82,08:36:34.859172,
259,1,234,11,19,9.94,02:19:07.669592,
49,1,418,26,26,16.55,04:05:20.968189,
3,1,19,26,19,6.38,02:50:47.18485,
81,1,703,14,19,10.60,19:57:08.596691,
186,1,931,20,21,15.98,16:23:02.731708,
3,1,127,15,18,14.70,20:34:36.742647,1010
97,1,1143,18,12,15.68,20:52:18.678145,565
97,1,1213,22,30,16.47,23:52:34.400362,
49,1,312,22,16,3.28,22:10:16.755175,
186,1,13,25,16,18.51,14:48:49.555775,
186,1,1032,24,26,16.37,05:33:07.414619,
121,1,52,28,27,18.80,09:11:12.236557,
97,1,1265,20,13,4.46,17:35:01.350074,
186,1,796,16,24,6.23,12:32:09.313124,
186,1,1098,11,25,19.63,01:31:02.111487,
3,1,870,23,26,4.17,11:48:25.86912,
49,1,217,15,25,9.53,05:33:38.739153,
97,1,1294,23,30,9.57,21:52:50.806848,
49,1,1196,11,15,8.64,21:31:17.84209,
189,1,499,19,30,6.42,09:48:01.367043,1083
259,1,136,30,29,19.08,00:52:34.943337,
121,1,906,17,12,6.72,20:23:46.3445,
186,1,160,23,11,19.01,22:33:40.030323,
3,1,224,17,30,9.61,03:07:06.919944,
186,1,871,30,24,10.58,14:58:24.0388,
97,1,495,25,27,10.94,07:40:15.163618,
97,1,1134,30,30,19.03,13:23:30.445774,
259,1,635,19,25,19.73,18:40:41.281451,
186,1,313,29,15,17.59,04:12:54.660017,
81,1,27,17,26,18.05,02:09:47.460908,
49,1,1084,19,18,12.97,04:19:48.961567,
81,1,246,12,28,7.36,19:08:37.53021,
186,1,1031,22,19,19.08,00:44:44.568519,1811
186,1,1078,29,19,13.06,09:13:36.568327,
97,1,1131,12,12,16.22,20:45:32.155768,1799
186,1,1046,20,13,18.76,18:28:44.242342,
3,1,630,24,25,19.22,13:10:15.26695,
186,1,757,14,28,19.52,14:54:58.470777,
259,1,434,16,11,11.00,01:14:25.557495,
81,1,23,13,24,19.59,15:49:36.839993,
49,1,627,26,16,6.35,03:17:38.614526,
121,1,1342,15,20,15.67,07:09:26.018556,
259,1,323,13,23,9.41,13:51:34.265973,
186,1,831,11,11,6.95,13:19:19.204224,
259,1,939,16,12,13.89,08:03:36.681769,1794
97,1,623,12,14,10.05,17:06:48.567862,488
186,1,152,26,29,11.42,18:05:06.411158,
81,1,295,26,24,17.81,06:25:11.551389,
97,1,806,17,23,17.50,22:08:24.743293,
189,1,1080,13,21,12.62,03:38:49.3095,
189,1,976,29,30,17.60,18:51:27.493692,
259,1,94,12,12,16.22,15:28:06.133404,1799
186,1,220,15,24,7.98,18:22:15.143169,
189,1,1271,24,11,10.82,17:49:48.270825,
81,1,498,20,19,14.62,12:15:26.971193,1648
121,1,1276,14,14,10.38,16:30:01.243677,
259,1,1276,26,22,15.34,15:24:02.072934,
186,1,72,25,14,6.17,09:37:03.573933,1922
49,1,772,30,30,10.91,03:15:06.935585,
121,1,117,29,11,6.27,07:04:28.037199,
3,1,460,22,22,14.92,09:02:48.937168,
49,1,1261,22,29,3.40,00:34:51.300798,
189,1,172,15,26,17.74,08:22:54.253027,
259,1,521,15,25,9.53,09:57:40.16633,
189,1,458,24,28,16.97,21:45:24.602554,
81,1,1305,13,17,5.36,16:30:50.579308,
49,1,1110,16,30,13.56,13:08:19.864233,
49,1,49,18,18,12.33,09:06:56.714179,
97,1,1197,22,14,19.53,04:37:12.946258,
49,1,1088,16,25,3.48,16:13:30.222273,
97,1,1113,28,14,16.37,19:55:03.757782,
186,1,25,24,17,8.97,12:27:35.131397,
3,1,809,25,14,6.17,03:20:29.917783,1922
81,1,1244,17,15,11.35,06:10:15.759587,
81,1,280,17,25,15.52,13:59:34.834051,
81,1,909,29,24,5.66,08:32:04.146065,
97,1,1199,27,26,17.84,11:29:06.438669,
3,1,758,23,22,8.66,02:28:09.964737,
81,1,728,27,21,18.48,09:56:11.415046,
186,1,179,30,19,11.52,21:01:47.08293,
49,1,816,15,19,11.57,12:32:17.444981,
259,1,1080,22,15,14.82,06:50:56.623728,
3,1,707,23,30,9.57,22:16:44.915675,
97,1,982,13,14,7.46,19:27:46.671436,
186,1,801,19,11,8.33,21:58:28.902859,
49,1,525,20,26,12.80,21:59:11.162705,
189,1,245,18,30,19.94,00:42:11.104083,
186,1,1052,30,14,16.61,22:05:23.982814,
49,1,951,19,29,15.70,12:02:53.765741,
49,1,1001,13,14,17.48,23:31:26.039942,
259,1,438,16,19,6.37,02:18:22.016412,
186,1,814,13,27,13.07,18:26:39.816583,
81,1,698,11,24,6.92,04:20:03.834419,
97,1,1294,18,25,15.15,00:18:34.360612,
81,1,1210,25,19,17.79,20:26:14.888101,
97,1,499,25,22,9.84,08:19:46.191951,
121,1,563,21,23,11.04,20:26:45.232751,
3,1,948,20,19,14.62,21:03:58.066135,1648
3,1,421,27,25,3.70,04:06:54.286119,
3,1,353,13,12,14.31,02:09:18.605835,
186,1,1260,13,17,5.36,06:57:10.525123,
186,1,464,21,20,7.84,19:42:56.459975,
121,1,544,16,19,16.61,00:53:23.885763,
81,1,356,25,13,5.69,18:45:53.271059,
97,1,1090,18,30,17.15,10:14:21.120687,
49,1,231,22,17,3.49,23:42:50.625034,
81,1,1097,26,21,17.26,07:58:54.892552,
121,1,978,17,23,10.77,16:03:36.618423,
97,1,947,22,17,4.74,14:27:22.925854,1810
49,1,931,18,14,8.38,17:52:08.963736,985
121,1,375,13,17,10.69,02:26:13.645998,
186,1,410,13,17,5.36,12:47:39.017817,
81,1,1095,28,14,16.37,05:54:01.569282,
3,1,612,23,25,6.71,18:32:14.775919,
121,1,826,12,26,15.49,02:40:56.061444,
189,1,137,15,13,4.78,09:24:38.990185,
121,1,163,12,19,13.42,18:12:17.774199,
97,1,164,13,17,19.05,22:24:24.101784,
186,1,472,30,24,10.58,05:06:52.826348,
186,1,1007,30,29,19.08,20:06:34.250338,
186,1,1172,24,30,15.18,08:02:46.445715,
49,1,965,24,17,8.97,16:39:15.096442,
97,1,137,13,23,9.41,03:22:37.402035,
81,1,458,20,19,14.62,19:05:54.968017,1648
81,1,664,22,16,9.67,03:10:33.639466,
186,1,911,24,28,6.77,03:37:22.970839,
189,1,595,29,21,15.64,20:15:58.59448,
259,1,1236,22,12,19.75,01:02:14.59273,
49,1,1214,28,17,10.81,23:57:12.644085,
259,1,114,12,19,15.50,06:17:39.458156,
49,1,1105,11,15,8.64,01:35:59.244012,
186,1,758,15,20,15.67,03:57:36.073221,
49,1,523,29,25,13.78,23:36:37.862957,
49,1,705,24,17,8.97,13:07:57.164083,
49,1,913,17,19,8.14,17:05:48.759642,
49,1,577,18,20,8.59,18:38:06.59782,
186,1,361,25,14,6.17,19:31:07.473627,1922
259,1,969,13,27,13.24,06:33:00.503467,
259,1,142,12,28,7.36,06:36:29.361048,
81,1,322,20,14,18.35,13:41:30.117645,1096
189,1,855,13,24,13.88,11:06:14.496352,
189,1,887,25,15,3.15,04:21:47.197775,
189,1,1107,11,12,16.60,00:39:26.663194,
121,1,811,22,29,15.82,05:49:10.574428,
121,1,106,27,17,6.06,01:57:04.9003,
3,1,370,17,21,4.21,13:06:45.220901,
81,1,1307,11,24,13.66,11:48:22.825912,
97,1,204,24,18,18.45,11:20:51.491531,
49,1,387,19,29,15.70,19:56:10.565025,
189,1,114,13,17,5.36,22:29:38.930794,
189,1,762,22,15,14.82,23:10:55.069805,
97,1,832,22,29,15.46,08:55:53.636669,
81,1,759,24,28,6.77,15:08:14.795139,
3,1,516,11,30,10.01,12:29:56.412464,
49,1,1035,17,22,15.98,08:29:09.858134,
186,1,53,23,21,11.98,15:07:54.888873,
49,1,234,19,12,3.75,03:13:00.404508,
189,1,962,17,26,19.61,20:35:05.959834,
259,1,1262,14,28,8.35,17:14:41.663167,
81,1,811,29,27,5.08,13:28:36.537985,
259,1,252,19,12,3.75,12:25:59.453595,
3,1,1241,27,25,3.70,22:56:31.877563,
81,1,1301,26,15,16.81,22:17:32.158973,
121,1,1343,28,18,6.66,13:46:42.138742,
259,1,1378,19,21,4.89,02:15:26.425988,
81,1,1202,25,14,6.17,20:40:02.714872,1922
81,1,199,27,17,12.62,01:19:34.207148,
3,1,315,17,20,5.07,17:40:55.0736,
97,1,1346,13,24,4.58,01:47:51.69747,
259,1,441,25,14,6.17,00:42:07.30943,1922
259,1,244,16,15,10.66,13:36:36.575036,
3,1,101,22,13,6.22,09:27:07.016759,
3,1,541,18,12,15.68,04:50:19.394308,565
97,1,990,22,15,8.00,11:39:50.495919,
81,1,681,29,26,19.93,13:30:17.355407,
259,1,831,20,19,14.62,17:02:14.774285,1648
189,1,697,20,19,14.62,02:51:20.401867,1648
81,1,569,19,24,11.10,09:04:39.589455,
97,1,1347,11,12,18.59,19:33:17.216585,
121,1,267,13,14,17.48,14:37:23.825139,
97,1,1005,15,14,6.13,03:04:38.816805,
81,1,500,23,22,8.66,17:26:47.946038,
81,1,1232,18,14,8.38,05:42:43.66096,985
49,1,897,15,27,3.83,04:08:57.550695,
189,1,407,14,17,16.92,17:19:53.279736,
3,1,673,22,18,16.22,15:23:22.698765,
121,1,469,30,19,11.52,15:28:53.928751,
49,1,765,13,27,13.07,19:17:50.139957,
49,1,1307,11,12,16.60,20:30:51.415082,
97,1,291,16,26,6.07,09:32:42.8172,
121,1,1209,17,23,12.75,14:40:57.018404,
189,1,144,27,28,3.41,17:59:16.884874,
49,1,116,29,19,13.06,13:54:47.815427,
49,1,163,16,14,17.59,11:08:19.887309,1520
3,1,224,29,23,9.42,01:07:40.039542,
97,1,1264,12,21,19.70,22:24:16.233788,
186,1,181,25,20,10.52,09:28:56.850853,
97,1,1200,25,14,6.17,11:34:51.834426,1922
186,1,290,30,16,17.28,01:43:51.489226,
189,1,1162,23,21,11.98,02:05:57.879017,
3,1,1296,28,17,6.31,06:27:35.521928,
259,1,823,25,13,13.39,09:24:15.044152,
81,1,443,25,18,11.79,08:34:04.762178,
186,1,943,24,28,16.97,20:02:06.517843,
49,1,424,13,24,13.88,07:50:13.82439,
49,1,352,18,24,10.79,22:16:34.885282,
49,1,691,25,20,10.52,11:54:34.606436,
49,1,1229,24,22,18.12,16:25:46.409309,
121,1,853,12,24,16.32,09:47:21.9871,
97,1,781,17,30,12.05,20:01:56.954376,
186,1,313,26,22,15.34,08:46:45.645547,
259,1,234,17,21,4.21,18:20:08.01928,
3,1,1295,30,16,13.59,03:49:19.062108,
97,1,999,21,22,12.97,12:10:58.568994,
49,1,169,12,28,5.50,09:51:03.196143,
3,1,1037,16,15,3.82,21:32:59.45617,
121,1,230,19,20,18.88,00:57:48.245409,
97,1,836,14,14,10.38,11:49:25.145246,
81,1,388,13,18,8.15,06:05:16.945021,
186,1,1205,21,12,12.84,20:00:39.898439,
186,1,70,23,30,9.57,00:19:26.311641,
186,1,442,20,19,10.67,15:36:47.640668,
121,1,233,27,26,17.84,00:25:10.843178,
259,1,620,30,29,19.08,14:18:03.975236,
189,1,972,23,19,11.83,16:38:50.450093,
97,1,251,29,21,15.64,16:16:54.411526,
3,1,257,21,15,6.83,17:13:37.864013,
49,1,1257,19,12,10.89,11:48:39.840867,
97,1,788,20,15,9.81,15:46:44.852542,
81,1,885,21,16,13.47,17:13:26.236115,
81,1,1161,20,14,18.35,11:36:09.225545,1096
81,1,339,18,15,8.04,13:18:47.275939,
189,1,503,29,20,3.86,16:36:07.443977,
259,1,827,22,26,10.25,00:03:04.77977,
49,1,555,25,14,6.17,08:12:48.312826,1922
97,1,1175,28,27,18.80,01:38:25.004547,
189,1,812,21,28,17.68,16:06:25.841612,
3,1,815,16,20,15.90,17:00:04.265165,
189,1,176,18,17,12.02,04:27:42.08178,
3,1,928,20,19,14.62,18:42:13.380747,1648
49,1,1207,28,11,5.53,18:40:49.695026,
49,1,391,15,24,12.57,01:22:26.669322,
3,1,354,21,20,7.84,19:46:38.929727,
186,1,51,27,13,8.41,03:22:26.277699,
186,1,775,13,14,7.73,09:09:20.907109,
189,1,987,23,12,16.63,16:01:07.469644,
186,1,698,25,14,6.17,21:14:57.911507,1922
186,1,1008,25,14,3.31,15:16:50.921422,
186,1,498,12,12,16.22,15:58:13.806788,1799
49,1,1201,25,14,6.17,06:19:14.331492,1922
49,1,1115,25,16,4.78,00:03:33.926406,
81,1,362,29,19,13.06,08:10:19.053376,
121,1,1252,20,19,14.62,17:22:10.854765,1648
97,1,899,26,26,8.29,08:08:22.300748,
49,1,575,12,28,7.36,13:50:48.677158,
186,1,1255,27,18,16.53,20:03:24.869959,
189,1,138,13,27,15.97,00:26:35.68468,
259,1,987,20,26,11.24,01:33:00.56104,
189,1,1273,18,14,8.38,14:41:52.919508,985
49,1,964,23,26,19.90,22:10:24.825997,
49,1,654,27,19,4.25,19:48:06.391793,
259,1,875,23,16,8.84,14:10:47.005602,
186,1,138,27,19,4.25,04:01:10.387274,
97,1,982,30,19,11.52,00:28:24.130912,
81,1,721,29,18,17.51,04:56:00.021872,
49,1,649,16,22,9.17,10:53:54.658719,
81,1,1125,29,21,15.81,00:32:40.809666,
3,1,935,22,30,16.47,00:17:40.119887,
3,1,534,16,30,12.17,00:13:40.195806,
259,1,86,12,21,19.70,10:09:09.586364,
49,1,1051,15,18,14.13,00:38:34.948958,
3,1,1403,25,14,6.17,01:55:59.117853,1922
81,1,1126,12,29,17.99,05:59:16.675141,
49,1,609,29,29,7.78,17:04:35.190685,
97,1,278,17,23,14.31,03:24:09.078168,
3,1,246,22,22,9.56,09:53:15.992141,
186,1,688,30,30,10.91,23:04:52.209032,
3,1,144,12,21,15.66,08:51:54.648962,
97,1,297,16,21,5.04,02:14:04.348048,
121,1,1359,13,14,14.41,17:00:48.012763,
186,1,213,17,28,10.89,02:51:35.288782,
3,1,947,13,24,4.58,23:06:19.949674,
186,1,997,28,14,16.37,09:05:20.141209,
189,1,622,16,20,10.11,16:05:48.04405,
121,1,142,18,14,4.91,02:18:42.910661,
121,1,924,17,26,4.68,01:46:43.296296,
189,1,356,25,14,6.17,14:52:25.356811,1922
97,1,512,14,16,12.22,16:26:18.787567,
81,1,1237,12,28,7.36,08:28:16.489361,
81,1,1174,19,22,13.99,04:07:36.227838,
97,1,1145,19,25,19.71,11:24:36.098718,
49,1,1203,17,24,13.55,19:38:19.962712,
121,1,193,12,14,10.05,01:03:33.756895,488
259,1,1296,20,17,9.78,14:47:18.925372,
186,1,1283,13,29,10.22,07:44:27.364678,
81,1,1179,16,19,15.98,19:23:59.732547,
49,1,341,27,22,16.19,11:05:53.109426,
186,1,789,26,26,16.55,16:46:15.621219,
259,1,993,29,21,15.62,18:09:17.509905,
189,1,740,17,12,6.72,01:25:25.369093,
186,1,756,25,14,6.17,23:05:50.832985,1922
3,1,342,23,22,7.77,02:08:20.126729,
186,1,1222,30,30,19.03,04:50:01.217707,
189,1,494,26,23,12.93,13:37:25.690903,
81,1,897,28,13,16.51,00:19:10.627644,
259,1,1201,12,12,16.22,13:45:42.241697,1799
186,1,174,14,25,9.59,16:40:03.061422,
186,1,318,21,22,12.97,20:08:20.398012,
259,1,886,23,18,6.31,06:10:52.21794,
259,1,1297,25,22,19.06,17:23:45.002853,
189,1,190,26,29,9.93,12:01:34.38883,
81,1,424,11,16,3.40,05:21:29.618407,
49,1,701,12,20,4.97,20:18:20.456565,
49,1,1363,28,14,9.18,14:37:22.706716,
186,1,178,16,19,16.61,18:26:38.10672,
186,1,556,11,12,12.84,06:16:53.827146,487
189,1,889,26,16,6.35,15:48:38.172463,
259,1,344,16,19,13.01,20:06:45.313092,
189,1,426,11,15,8.64,07:14:53.420415,
97,1,805,17,24,13.44,14:04:58.915637,
81,1,1256,26,13,16.09,21:37:34.764243,
49,1,510,11,19,9.94,01:35:29.860106,
186,1,508,30,14,16.30,19:39:09.474903,
259,1,866,18,30,19.94,12:00:44.29431,
259,1,983,29,11,8.76,18:40:02.039618,
189,1,859,17,22,9.22,15:23:43.821925,
49,1,631,30,29,19.08,16:57:58.708347,
81,1,115,11,25,19.63,16:56:17.333555,
186,1,335,17,29,12.97,14:21:34.525037,
49,1,140,25,14,6.17,23:31:41.623247,1922
121,1,249,18,13,8.94,09:39:41.388365,
186,1,917,16,12,13.89,07:04:39.67125,1794
81,1,899,19,25,19.71,22:18:11.781494,
49,1,858,15,18,11.66,18:19:53.704271,
3,1,808,13,19,14.94,14:09:42.785017,
81,1,260,19,24,15.00,19:52:24.229128,
121,1,889,25,14,6.17,04:09:24.731383,1922
81,1,532,12,23,6.95,04:16:47.664526,
81,1,475,22,19,19.08,06:41:01.07453,1811
259,1,103,27,28,3.41,01:34:54.536697,
3,1,367,26,13,16.09,04:35:07.906068,
186,1,214,14,16,11.05,22:36:16.164157,
81,1,1199,20,26,12.80,22:23:12.982788,
81,1,995,18,29,14.77,12:14:10.877798,
186,1,1140,26,28,5.88,20:44:46.926721,
81,1,146,22,22,9.56,18:04:53.577519,
189,1,1225,16,12,13.89,09:53:47.475264,1794
186,1,1331,21,20,9.21,11:16:14.840518,
3,1,1131,18,28,9.63,10:13:08.021033,
189,1,925,15,18,14.13,05:50:38.700058,
97,1,271,25,14,6.17,10:50:04.431504,1922
49,1,1298,17,24,13.55,21:20:24.05953,
81,1,1213,22,12,19.75,04:24:39.617709,
97,1,73,23,17,8.70,08:02:33.180764,
186,1,340,25,14,6.17,10:22:25.530549,1922
81,1,523,19,21,4.89,14:21:46.639556,
49,1,39,13,14,17.22,14:53:55.145695,
49,1,700,17,26,18.05,05:17:48.914203,
121,1,870,15,18,14.70,23:10:12.834771,1010
121,1,46,26,12,11.92,04:23:14.408788,
189,1,969,15,18,14.70,02:41:24.254347,1010
97,1,1284,27,18,16.53,17:03:15.441893,
121,1,100,24,20,19.88,15:58:43.390819,
189,1,959,11,12,16.60,00:54:19.209037,
49,1,796,16,20,10.11,08:17:01.140837,
81,1,1288,15,18,14.70,23:05:28.714314,1010
189,1,134,11,16,13.72,06:24:37.321799,
49,1,922,30,25,15.60,03:48:24.934717,
259,1,1119,16,23,6.09,00:47:01.927149,
259,1,984,30,12,10.17,14:40:32.859652,
186,1,319,23,24,15.78,17:33:10.907118,
3,1,964,20,26,12.80,12:13:17.213303,
49,1,396,16,21,14.18,05:12:13.079082,
121,1,314,16,19,6.37,14:58:00.046466,
121,1,1146,11,30,16.29,11:50:51.444919,
189,1,556,22,26,10.25,08:29:36.862609,
189,1,1342,12,14,10.05,18:12:57.071774,488
186,1,505,29,29,7.78,14:33:08.652426,
97,1,1226,16,30,12.17,04:15:20.918214,
81,1,595,17,28,15.24,02:45:34.532256,
186,1,457,18,13,8.82,13:46:41.790764,
97,1,923,23,28,7.99,10:44:40.365121,
49,1,979,25,14,6.17,14:29:55.425258,1922
189,1,57,25,29,4.75,11:59:14.010177,
81,1,884,18,12,15.68,13:30:43.517192,565
189,1,1168,20,25,5.34,21:11:59.757707,
97,1,1024,20,19,14.62,23:05:38.724609,1648
97,1,701,22,14,19.53,18:56:17.565326,
186,1,891,12,12,5.11,06:44:36.685344,
186,1,1349,27,17,3.99,08:17:50.015925,
186,1,314,14,28,6.81,23:00:17.518776,
81,1,1166,16,12,13.89,12:29:24.857301,1794
121,1,1361,26,16,6.35,00:10:47.546876,
121,1,612,17,26,4.68,23:03:54.573133,
49,1,908,30,18,10.17,14:46:11.484951,
49,1,1343,25,14,6.17,19:26:42.28138,1922
81,1,1174,12,14,10.05,14:25:40.186021,488
121,1,1163,17,12,6.72,13:48:21.399466,
189,1,116,19,29,15.70,06:35:28.11492,
186,1,1044,18,14,8.38,22:50:32.129462,985
189,1,118,20,19,14.62,19:11:56.766656,1648
3,1,1396,17,22,9.22,06:23:42.448516,
49,1,541,28,11,5.53,00:50:42.239561,
49,1,530,17,19,8.14,02:46:58.591495,
189,1,79,18,14,12.48,17:32:52.74262,
81,1,843,17,25,4.09,10:08:15.435543,
186,1,1113,14,25,9.59,04:26:08.208389,
49,1,852,23,30,11.83,09:54:06.194692,
97,1,132,29,21,15.64,14:26:36.15369,
97,1,96,29,23,9.42,08:19:21.241166,
121,1,909,22,22,3.93,10:39:35.987497,
259,1,945,16,20,15.90,15:44:27.378669,
97,1,871,26,26,7.17,15:42:00.605071,
97,1,763,19,24,11.10,06:41:02.417894,
97,1,18,26,15,16.81,19:20:21.805972,
97,1,1210,27,15,11.76,16:58:11.177024,
97,1,680,30,25,3.14,17:43:13.206435,
97,1,1355,30,19,9.52,15:15:50.284909,
189,1,754,13,19,14.94,20:37:07.596039,
186,1,1325,13,27,15.97,18:42:34.541796,
49,1,1063,22,27,15.55,08:06:16.522782,
186,1,1000,15,15,6.76,04:46:58.874703,
189,1,483,25,22,19.06,01:50:53.216786,
3,1,524,16,18,7.30,03:50:38.260071,
49,1,1397,14,14,10.38,09:50:13.598094,
81,1,459,13,20,10.86,01:04:53.635325,
3,1,824,30,14,10.80,00:06:32.210813,
189,1,243,19,29,15.70,02:02:56.923621,
81,1,31,16,19,12.32,17:06:44.834662,1471
189,1,1451,18,30,19.94,11:56:38.315863,
97,1,1258,17,25,13.01,11:36:15.912046,
81,1,629,23,30,11.83,19:59:21.917953,
3,1,1453,19,21,4.89,18:47:56.219515,
81,1,715,18,24,14.84,21:37:45.198455,
3,1,177,21,14,8.63,05:56:46.680465,
259,1,612,25,14,6.17,15:28:50.601736,1922
49,1,1249,26,15,17.13,01:24:44.882999,
81,1,71,16,21,14.18,00:05:16.534227,
189,1,99,19,20,9.65,00:44:37.072822,
189,1,1229,26,26,16.55,21:35:35.214285,
3,1,1011,20,19,14.62,10:43:12.66824,1648
81,1,1067,20,19,14.62,18:55:03.929238,1648
3,1,279,19,30,6.42,18:47:22.879353,1083
189,1,686,13,19,15.73,22:38:43.79521,
3,1,257,21,14,11.98,10:49:46.939284,
186,1,240,28,27,17.92,03:49:03.753111,
97,1,464,11,26,9.14,11:30:53.593662,
49,1,497,23,24,19.72,02:49:35.036228,
97,1,860,28,11,5.53,17:59:40.406568,
189,1,1027,24,18,16.61,15:09:40.570468,
186,1,235,18,23,4.31,21:10:45.107272,
49,1,1009,20,14,18.35,01:17:55.597794,1096
97,1,1453,16,20,15.90,01:07:41.756638,
186,1,169,29,25,13.78,22:19:09.673891,
189,1,1193,24,18,3.54,21:16:09.372047,
49,1,893,20,19,10.67,08:12:53.517421,
121,1,11,25,30,5.08,21:21:19.350757,
97,1,762,15,14,10.21,14:26:26.936589,
189,1,1263,13,24,19.59,13:15:26.996324,
186,1,552,21,25,18.28,01:06:34.657572,
81,1,1107,13,29,10.22,19:12:47.536338,
3,1,360,29,23,12.83,20:34:43.897761,
49,1,688,12,13,16.47,04:41:42.273668,
189,1,501,16,26,18.97,04:10:21.933009,
97,1,473,20,17,17.97,05:19:03.203771,
259,1,361,25,29,4.77,00:57:53.281757,
189,1,1444,25,14,6.17,16:43:34.694284,1922
186,1,604,12,13,17.79,22:59:19.214494,
259,1,19,28,24,15.08,08:26:34.017911,
49,1,816,25,14,6.17,18:21:58.323478,1922
189,1,504,18,15,8.04,08:21:59.09014,
121,1,659,29,23,12.83,10:06:31.616105,
186,1,1328,25,20,12.95,09:07:33.681377,
49,1,364,25,14,14.66,19:21:10.939477,
49,1,20,13,23,9.41,15:12:31.068424,
81,1,577,15,27,5.91,18:09:03.228656,
186,1,517,28,17,6.31,08:16:56.114998,
97,1,259,19,30,6.42,16:49:53.363575,1083
3,1,1246,27,13,8.41,04:31:51.218845,
186,1,412,11,26,9.14,05:47:45.208141,
189,1,304,30,30,10.74,06:11:13.256212,
189,1,443,27,30,8.78,02:16:56.207441,
81,1,530,21,15,16.74,03:11:29.530462,
49,1,255,17,25,15.52,15:48:11.43838,
121,1,50,25,17,10.15,22:07:32.463453,
49,1,360,23,14,17.53,22:58:47.982182,
189,1,1269,11,25,18.53,20:50:00.525108,
97,1,1407,16,12,13.89,10:42:20.514235,1794
186,1,183,17,26,14.21,06:07:18.950722,
81,1,42,13,19,18.28,00:00:33.766639,
189,1,1216,13,15,8.04,12:26:57.52945,
81,1,309,28,26,10.28,00:39:57.143392,
186,1,425,28,23,15.40,13:00:08.740185,
121,1,996,14,25,10.73,05:03:26.224624,
97,1,509,11,14,14.96,00:55:07.736094,
186,1,446,18,14,8.38,00:02:19.704137,985
186,1,743,27,19,3.51,10:32:31.975906,
97,1,1054,16,23,6.09,00:26:12.563054,
49,1,551,16,16,13.73,00:53:12.801349,
189,1,533,19,21,7.28,22:08:58.591293,
3,1,606,22,22,3.93,05:53:35.373097,
3,1,454,22,29,15.82,01:58:26.630784,
259,1,684,15,30,12.37,07:52:52.479614,
81,1,313,25,24,9.12,08:53:03.901127,
49,1,310,27,15,11.76,11:08:10.497083,
189,1,142,16,20,15.90,02:04:33.655816,
259,1,690,18,14,8.38,01:13:29.019801,985
81,1,726,19,20,9.65,01:16:06.977962,
259,1,1374,25,30,18.12,10:21:27.542525,
49,1,503,15,13,4.78,11:40:23.580006,
189,1,989,18,29,19.09,15:00:09.136281,
97,1,1098,18,12,15.68,20:21:03.173149,565
3,1,170,13,19,15.73,04:49:08.758209,
3,1,1042,16,20,15.90,12:20:31.439446,
121,1,798,28,13,6.57,17:17:20.122414,
121,1,159,15,19,11.57,10:09:55.153416,
121,1,1429,13,24,11.50,10:56:22.240317,
186,1,1080,16,12,13.89,05:19:32.726743,1794
121,1,613,23,18,6.31,09:27:10.704577,
3,1,730,17,24,13.55,08:34:53.562147,
81,1,77,26,16,6.35,12:10:36.431826,
3,1,614,23,28,12.07,11:14:02.952559,
3,1,330,19,13,5.86,03:19:01.118623,
3,1,1417,19,21,18.03,14:37:12.557507,
189,1,644,21,20,7.84,10:36:14.67093,
3,1,343,18,14,8.38,06:59:55.946396,985
259,1,17,26,15,16.81,17:28:33.079082,
259,1,1488,16,25,4.31,13:55:24.563817,
186,1,771,16,25,3.48,20:43:59.122759,
97,1,965,29,19,11.46,03:15:12.95107,
49,1,1288,29,21,15.64,16:42:50.45742,
81,1,604,15,20,3.15,19:39:31.506063,
259,1,1319,26,24,17.81,09:17:53.697338,
3,1,992,13,18,16.45,20:13:20.626424,
189,1,567,22,25,10.02,04:36:49.299847,
3,1,359,12,23,6.95,20:27:48.858829,
121,1,795,19,24,11.10,23:28:06.682016,
189,1,320,12,26,15.49,16:58:20.875537,
121,1,773,15,18,14.70,01:38:51.8194,1010
259,1,1363,12,25,18.55,08:41:36.176842,
259,1,995,26,26,8.29,11:28:26.19366,
121,1,538,29,18,13.12,08:30:23.948455,
189,1,644,25,25,17.15,09:25:08.614724,
3,1,887,15,20,3.15,03:18:28.361835,
121,1,895,17,26,14.21,12:19:24.404966,
186,1,1122,20,19,14.62,11:57:44.117026,1648
121,1,1098,25,16,4.78,00:43:37.423812,
186,1,315,21,29,10.65,14:10:43.355093,
121,1,895,20,27,10.44,20:18:36.436677,
121,1,978,19,13,5.10,02:48:54.348486,
186,1,768,15,25,14.40,14:09:07.829361,
49,1,808,16,19,16.61,19:37:20.465736,
121,1,921,15,18,14.70,02:28:17.565811,1010
49,1,907,16,12,13.89,01:22:30.738887,1794
3,1,134,25,14,6.17,00:38:26.678939,1922
189,1,145,21,26,9.43,16:46:30.718893,
3,1,1304,21,19,18.30,14:55:17.048831,
259,1,1257,16,14,17.59,17:29:48.449302,1520
3,1,1309,22,26,8.19,05:16:38.960639,
121,1,451,17,25,4.09,06:16:54.492529,
259,1,1440,26,17,6.97,17:33:24.527003,
189,1,223,16,23,14.43,14:55:54.258419,
186,1,753,16,20,10.11,07:40:45.776738,
186,1,17,17,23,10.77,21:15:57.561432,
3,1,655,11,13,15.57,11:33:05.917818,
97,1,924,16,17,15.31,04:23:15.186878,1004
81,1,669,14,13,13.78,17:58:59.9905,
186,1,1413,25,29,18.52,12:52:56.341412,
81,1,747,11,13,15.57,18:39:58.799345,
3,1,683,16,21,5.04,15:05:35.38324,
186,1,578,16,12,13.89,00:56:48.991608,1794
3,1,1045,12,13,5.80,15:41:31.518836,
186,1,953,18,20,8.59,22:00:06.258571,
81,1,633,19,16,11.99,10:46:38.762321,
121,1,825,27,11,11.42,16:10:16.29257,
49,1,1147,27,15,11.76,22:45:00.289597,
49,1,1354,15,14,10.21,08:11:43.490275,
97,1,372,21,19,18.30,09:40:15.078651,
81,1,912,26,27,15.27,06:05:44.501721,
81,1,1450,17,24,13.55,08:47:24.269486,
49,1,802,18,14,8.38,23:08:37.801377,985
81,1,104,11,26,6.86,18:54:09.786216,
189,1,1125,26,27,15.27,12:46:06.678133,
259,1,345,16,19,12.32,17:35:37.048109,1471
81,1,510,24,26,16.37,05:22:31.215497,
121,1,580,26,12,19.96,10:02:35.07541,
186,1,920,25,25,6.13,22:29:50.104578,
259,1,635,20,19,14.62,07:18:39.296827,1648
121,1,354,15,16,15.76,17:44:34.980646,
97,1,687,30,19,11.52,13:02:35.556099,
189,1,342,15,18,14.70,08:58:37.070129,1010
97,1,1334,15,13,4.78,17:34:04.702177,
49,1,1487,14,20,8.51,12:09:37.596282,
49,1,370,22,26,8.19,00:05:22.841528,
186,1,1500,25,14,6.17,04:13:02.857709,1922
259,1,192,29,15,11.73,02:48:24.776986,
81,1,951,29,21,15.81,05:43:46.759901,
186,1,874,15,18,14.70,21:50:35.160722,1010
259,1,1402,17,23,12.75,04:32:21.882385,
81,1,758,22,27,5.52,23:42:59.458039,
121,1,1409,25,14,14.66,16:55:17.967293,
3,1,832,18,17,16.93,04:07:57.228126,
121,1,984,12,12,16.22,02:27:27.194732,1799
97,1,1509,25,19,14.06,19:07:14.442595,
97,1,502,11,24,6.92,23:42:39.753242,
49,1,54,13,14,17.22,00:26:13.11807,
81,1,844,11,25,17.89,23:56:30.414883,
97,1,1424,17,19,8.14,13:21:58.878349,
81,1,507,18,15,8.04,20:41:40.17988,
97,1,564,17,24,13.44,22:37:40.001479,
259,1,73,22,14,19.53,11:37:15.233238,
49,1,840,19,30,6.42,09:05:53.105118,1083
49,1,599,27,21,18.48,05:29:27.49762,
81,1,1100,13,19,18.28,23:48:54.062528,
189,1,686,19,22,18.02,02:25:30.845255,
186,1,850,19,30,6.42,09:39:53.587596,1083
97,1,217,16,12,13.89,06:05:59.509924,1794
121,1,1154,25,22,5.70,04:18:32.236682,
121,1,1411,20,23,11.83,23:30:01.025666,
97,1,958,13,27,13.24,18:53:45.760503,
3,1,1024,24,30,15.18,09:22:18.551891,
121,1,928,11,27,5.34,12:32:42.674364,
186,1,439,20,19,14.62,18:05:57.935068,1648
189,1,208,19,20,5.58,00:23:12.510525,
189,1,615,25,16,18.51,13:22:05.739262,
81,1,977,16,20,10.11,17:11:07.248604,
189,1,1095,12,13,5.80,19:21:09.683997,
121,1,751,18,14,4.91,04:59:24.731964,
259,1,1043,29,23,9.42,01:35:45.290136,
49,1,873,25,14,6.17,10:20:04.560599,1922
186,1,50,21,24,13.78,13:25:23.118962,
259,1,1147,22,29,15.46,05:11:18.89854,
186,1,1452,27,30,10.20,21:44:12.710337,
189,1,794,30,26,8.59,11:40:56.026999,
121,1,696,29,18,14.06,03:36:53.415941,
49,1,633,26,23,16.92,18:29:07.581341,
49,1,24,20,17,17.97,11:41:38.735013,
97,1,1055,15,24,7.98,22:47:08.042752,
97,1,1085,16,12,13.89,15:28:11.692284,1794
121,1,149,29,15,17.59,19:16:10.377931,
121,1,464,28,23,15.40,17:38:05.985919,
189,1,1252,22,17,4.74,19:37:00.906577,1810
97,1,1157,27,30,17.60,07:11:44.08733,
121,1,483,25,14,3.31,23:05:25.429278,
189,1,1211,11,27,12.66,08:20:27.535257,
3,1,902,21,20,7.84,12:35:19.358217,
189,1,319,21,26,11.65,15:58:59.698196,
259,1,57,15,26,14.34,02:56:24.067529,
186,1,1366,15,30,12.37,09:50:23.967818,
49,1,207,25,14,6.17,09:54:50.348388,1922
81,1,1020,11,23,14.23,12:35:37.588839,
3,1,1410,13,14,7.73,18:57:19.936214,
121,1,162,13,14,7.46,12:29:52.452307,
97,1,83,26,21,17.26,17:02:07.576598,
186,1,838,19,28,5.32,00:45:51.389745,
121,1,1005,13,27,15.97,02:12:19.350189,
121,1,1467,20,14,18.35,22:52:03.266181,1096
97,1,1084,26,20,5.58,13:37:00.667752,
97,1,1320,13,14,7.73,04:28:05.18911,
189,1,599,18,14,8.95,15:09:34.139777,
186,1,191,29,24,10.12,21:39:16.112908,
97,1,741,29,26,19.93,05:40:40.55437,
3,1,1228,18,14,8.38,22:32:18.987908,985
121,1,1042,29,19,13.06,09:36:19.822659,
49,1,475,29,18,17.51,15:44:08.41848,
189,1,1139,13,12,14.31,07:21:06.57519,
186,1,1219,17,28,15.24,06:07:11.030648,
49,1,517,14,20,8.51,01:48:13.702698,
3,1,359,30,30,10.91,05:52:12.719765,
49,1,78,16,19,12.32,01:52:55.12933,1471
259,1,1382,12,12,16.22,08:30:09.094131,1799
189,1,989,24,28,6.77,23:48:41.850449,
3,1,1156,16,27,13.56,08:56:14.426432,
81,1,422,21,15,17.41,18:38:13.411185,
121,1,833,11,27,6.61,22:35:44.983849,
97,1,1363,18,30,17.15,14:11:48.780127,
81,1,853,15,26,14.34,16:46:09.215628,
3,1,340,16,21,7.43,20:54:20.697032,
259,1,895,22,29,15.46,20:11:22.719859,
81,1,534,14,23,13.68,15:15:24.81467,
81,1,609,11,11,10.39,03:20:54.955939,
186,1,1390,12,12,16.22,23:21:11.003969,1799
97,1,40,12,14,10.05,19:36:50.718963,488
81,1,938,27,30,19.19,10:53:03.328133,
3,1,339,23,24,19.72,02:52:34.322831,
81,1,133,11,12,12.84,13:50:50.71816,487
97,1,1277,27,11,11.42,02:33:32.724425,
186,1,1291,17,26,19.61,03:44:23.284066,
49,1,994,18,19,3.70,17:19:49.587181,
97,1,595,28,11,5.53,07:38:23.288828,
259,1,712,11,26,9.37,15:45:53.161707,
97,1,1125,25,13,18.58,03:14:19.105198,
81,1,28,16,16,4.27,01:34:14.977466,
121,1,416,12,12,16.22,15:20:37.265914,1799
49,1,115,15,11,3.78,22:06:18.495078,
49,1,376,26,26,16.55,03:56:37.855701,
189,1,1523,25,13,5.69,07:17:54.508766,
259,1,217,23,20,3.71,03:49:52.303918,
49,1,597,19,19,17.71,00:50:47.82143,
259,1,28,17,30,4.61,06:37:08.499886,
186,1,656,25,25,6.13,06:20:18.501546,
121,1,836,25,14,6.17,07:49:43.642605,1922
49,1,611,27,30,17.60,10:09:54.491204,
49,1,389,19,12,3.75,09:47:27.722991,
81,1,1286,12,11,18.59,08:44:54.372956,
189,1,575,15,25,12.14,22:37:34.023436,
3,1,231,27,17,6.06,05:55:28.009998,
97,1,1177,28,18,19.73,23:42:12.070625,
3,1,1402,25,30,14.22,05:04:52.482981,
259,1,1221,16,12,13.89,14:01:13.381817,1794
3,1,291,16,30,13.56,00:07:41.90671,
49,1,1329,12,30,11.29,07:34:29.40723,
81,1,1039,22,17,5.68,06:08:23.464169,
97,1,310,19,20,9.36,00:56:30.090991,
81,1,300,19,27,5.86,06:39:50.764634,
3,1,11,25,25,5.42,19:01:13.092521,
259,1,1355,29,22,7.00,02:09:09.279704,
49,1,1372,12,20,13.11,03:44:13.692995,
186,1,1399,16,12,13.89,09:13:00.157026,1794
3,1,931,25,25,5.42,03:39:41.794742,
121,1,1210,20,11,7.45,18:21:28.421497,
3,1,47,30,14,10.80,02:16:51.867867,
186,1,394,22,30,16.47,11:58:42.722866,
259,1,951,20,21,19.71,07:38:30.226444,
121,1,1311,24,21,19.99,14:04:26.232154,
186,1,1173,21,29,10.65,18:49:21.682055,
121,1,303,25,14,6.17,01:19:08.25383,1922
186,1,890,19,29,15.70,18:00:31.746914,
81,1,755,23,28,15.04,08:43:46.053728,
81,1,393,30,14,10.80,19:54:57.805701,
97,1,1099,13,17,5.36,12:12:21.983109,
186,1,506,25,19,14.06,11:20:49.874291,
3,1,1092,11,13,19.54,07:03:59.407721,
259,1,1315,19,28,7.27,17:40:17.511806,
3,1,29,19,18,11.57,15:37:50.714528,
3,1,922,20,19,14.62,03:22:00.135579,1648
121,1,502,25,29,18.52,01:28:17.645814,
49,1,1539,16,12,13.89,10:44:14.740508,1794
189,1,285,12,12,16.22,04:39:22.623254,1799
186,1,110,18,29,14.77,07:32:07.9514,
121,1,194,18,16,3.42,21:28:17.585289,
121,1,348,16,19,15.98,18:35:30.27365,
259,1,1288,18,12,15.68,17:50:46.443176,565
189,1,144,23,26,5.93,19:40:45.117743,
81,1,406,25,19,17.79,15:42:31.753014,
121,1,1283,29,15,17.59,03:07:18.90966,
186,1,1337,30,18,10.17,08:24:00.836436,
186,1,1085,15,20,15.67,22:04:56.353426,
49,1,966,22,23,11.54,12:41:22.206139,
81,1,879,20,14,18.35,08:28:49.131007,1096
186,1,840,14,21,3.40,23:46:41.022171,
3,1,1307,18,25,16.82,05:22:24.876532,
121,1,825,23,28,7.99,07:12:22.092208,
186,1,455,14,25,9.59,02:09:20.875012,
121,1,1049,21,16,12.30,14:20:00.238073,
259,1,22,26,26,7.17,19:26:03.231456,
186,1,528,11,30,16.29,20:36:27.854835,
189,1,321,21,16,12.30,12:34:45.106606,
3,1,1153,20,14,18.35,09:54:56.263247,1096
3,1,124,20,14,18.35,02:24:18.765728,1096
189,1,312,17,28,15.24,21:21:08.145736,
97,1,330,24,22,18.12,06:14:32.900001,
121,1,1044,23,14,6.33,01:15:28.43026,
121,1,385,30,30,10.91,21:43:46.025141,
49,1,829,24,14,6.33,13:52:45.689255,889
121,1,635,25,19,14.06,03:51:52.504514,
259,1,968,29,13,16.54,03:30:01.677323,
49,1,996,30,30,19.03,20:49:17.934175,
189,1,677,22,29,3.40,10:51:51.714708,
259,1,1008,16,30,13.56,02:13:50.916993,
121,1,1047,22,19,19.08,21:14:57.138344,1811
186,1,678,29,27,4.96,15:38:17.484004,
49,1,1105,15,18,14.70,13:18:54.414643,1010
97,1,899,17,24,13.44,00:53:19.241585,
186,1,1392,16,12,13.89,15:39:17.092752,1794
81,1,1115,14,29,5.12,23:08:17.947025,
49,1,1408,25,14,6.17,06:54:21.224297,1922
49,1,397,23,22,8.66,01:54:30.465579,
81,1,141,25,13,6.84,15:00:40.316581,
259,1,1229,25,14,6.17,05:47:16.068497,1922
49,1,364,28,13,6.57,11:49:52.003372,
186,1,286,13,24,8.79,05:20:46.053059,
259,1,592,11,15,8.64,02:49:35.253235,
81,1,849,27,23,9.86,09:50:28.977194,
259,1,542,22,29,15.74,05:33:59.639448,
186,1,94,20,14,18.35,22:30:25.488494,1096
189,1,946,11,26,8.58,12:06:45.207074,
189,1,1229,29,25,9.25,01:35:03.23333,
3,1,112,30,11,17.99,14:24:40.450803,
186,1,1270,20,25,15.30,01:31:23.714808,
3,1,24,25,13,4.15,12:16:19.198618,
3,1,1246,16,14,17.59,01:08:33.409894,1520
259,1,944,20,30,15.17,10:04:45.999485,
121,1,1310,22,22,3.93,03:41:24.613779,
3,1,1015,26,26,10.35,02:14:33.553452,
49,1,1549,17,24,13.55,19:51:23.127184,
49,1,825,15,11,10.64,02:50:18.83446,
97,1,682,20,23,11.83,23:35:54.259117,
121,1,272,22,27,15.55,12:28:14.108808,
49,1,1437,22,23,17.73,15:46:02.445476,
81,1,776,26,20,5.58,19:48:42.823652,
3,1,1459,26,12,3.34,22:46:38.204154,
97,1,419,25,18,11.79,15:25:00.729337,
49,1,245,12,19,13.42,07:39:36.333701,
49,1,412,23,28,7.99,00:30:30.025285,
186,1,273,15,18,14.70,06:42:49.191643,1010
49,1,331,15,15,7.50,14:51:54.811363,
81,1,1453,28,19,5.24,07:21:12.794815,
121,1,1493,20,14,18.35,22:19:58.910027,1096
97,1,537,11,22,19.19,18:29:51.051415,
3,1,1004,11,13,6.63,10:22:19.690594,
3,1,56,12,14,10.05,23:23:17.585975,488
97,1,1373,13,23,17.11,11:31:16.74847,
186,1,1234,29,15,11.73,00:58:46.006687,
3,1,1139,24,18,9.27,20:05:23.928126,
97,1,1099,25,14,6.17,08:45:00.892666,1922
186,1,203,20,11,7.45,00:29:27.178393,
49,1,816,21,14,8.63,08:16:06.513763,
97,1,491,20,14,18.35,05:00:01.982069,1096
3,1,1499,14,20,8.51,10:03:37.959592,
189,1,54,23,17,8.70,04:41:12.769315,
3,1,175,26,26,8.29,16:08:02.358109,
81,1,1549,24,17,4.56,03:36:55.362726,
81,1,494,20,27,18.44,04:22:46.910257,
3,1,801,14,16,12.22,13:53:55.885924,
3,1,341,19,28,18.93,17:42:34.179686,
97,1,297,16,11,11.00,14:20:50.70903,
97,1,1516,11,26,9.37,17:49:14.471487,
189,1,708,12,21,18.02,16:36:55.075802,
259,1,27,28,20,19.30,11:09:31.885524,
97,1,1249,18,14,8.38,01:53:23.324425,985
3,1,1032,29,24,5.66,20:22:53.995211,
189,1,231,22,27,5.52,14:42:30.835855,
189,1,429,26,26,16.55,02:43:30.215396,
121,1,1522,14,29,3.86,03:35:19.29305,
49,1,394,25,14,6.17,05:29:54.889176,1922
81,1,129,15,18,14.70,17:01:19.041015,1010
81,1,1462,12,24,7.01,20:46:02.14348,
97,1,918,21,16,15.77,07:56:07.652117,
186,1,1226,25,14,6.17,09:07:59.370363,1922
97,1,131,28,18,6.66,23:08:29.760254,
259,1,487,17,19,5.54,17:10:07.403284,
259,1,847,11,12,16.60,06:32:28.661066,
81,1,259,15,16,15.76,07:52:24.916965,
81,1,606,24,25,19.22,04:08:52.478547,
186,1,1072,15,18,14.70,19:22:11.387391,1010
3,1,601,17,26,18.05,11:11:31.240936,
186,1,973,18,16,3.42,08:57:35.440112,
97,1,158,15,25,8.69,23:18:55.624471,
121,1,1450,14,29,6.53,20:26:38.215139,
49,1,885,18,24,19.15,13:56:56.957314,
81,1,1008,24,15,13.30,14:12:35.467265,
189,1,1186,19,22,18.02,13:46:46.914798,
259,1,173,30,19,10.71,02:19:56.391861,
259,1,1491,21,22,18.16,06:47:25.724885,
97,1,1308,25,20,10.52,23:19:01.281845,
3,1,1512,15,29,6.35,05:09:09.726385,
97,1,987,20,30,15.17,01:52:12.464534,
81,1,1390,12,29,17.99,14:27:25.537127,
189,1,505,16,12,13.89,16:37:42.923861,1794
259,1,1493,18,14,8.38,04:20:30.934913,985
3,1,270,13,25,9.37,16:47:27.481309,
3,1,658,25,20,4.29,12:36:27.833856,
121,1,1558,28,17,10.81,12:29:01.532695,
259,1,1197,28,14,16.37,15:43:54.75912,
189,1,1424,15,28,9.82,17:53:34.810653,
97,1,292,20,19,14.62,12:32:59.649642,1648
189,1,613,20,27,10.44,18:31:37.892291,
121,1,750,29,24,5.66,15:42:52.948842,
186,1,1249,20,23,11.83,15:45:32.73323,
81,1,596,13,23,17.11,14:02:14.41235,
81,1,1117,21,20,9.21,18:28:41.180767,
189,1,953,21,14,8.63,22:00:59.596459,
189,1,679,22,16,3.28,07:03:35.132715,
189,1,1274,24,18,9.27,00:00:52.892681,
49,1,758,21,13,11.40,07:31:00.153786,
97,1,291,30,14,16.61,04:28:24.674912,
3,1,657,19,21,7.28,03:51:09.019241,
97,1,897,11,25,14.63,17:52:29.919842,
189,1,435,19,28,5.32,00:35:57.384293,
189,1,924,16,12,13.89,06:34:53.575771,1794
49,1,1508,14,11,5.39,04:42:09.598497,
81,1,1084,30,14,17.11,10:41:15.058819,
186,1,502,15,28,17.79,08:08:32.3833,
189,1,1153,20,27,18.44,12:37:01.286503,
186,1,553,16,16,4.27,01:26:16.34404,
81,1,522,24,24,10.93,19:31:57.340336,
3,1,430,11,27,12.66,14:42:25.24824,
186,1,1428,19,20,9.65,03:03:07.871531,
186,1,1035,24,25,10.82,07:29:37.793859,
189,1,688,15,16,19.02,07:08:36.49429,
121,1,1301,26,12,3.34,15:26:35.648865,
189,1,85,19,20,9.65,15:24:34.615693,
259,1,1472,12,21,15.66,18:06:16.96464,
81,1,1307,15,13,4.51,16:16:05.589558,
121,1,749,16,23,14.43,02:21:43.475359,
49,1,1032,23,11,19.01,03:29:25.85025,
189,1,945,27,17,6.06,00:15:27.628459,
3,1,232,20,26,12.80,23:56:44.435624,
3,1,1327,22,28,15.49,09:59:39.815001,
189,1,827,30,16,17.28,09:53:00.162656,
189,1,229,15,25,8.69,06:16:32.993401,
97,1,729,17,27,4.70,00:07:30.581302,
3,1,452,21,22,18.16,21:36:54.000239,
3,1,525,30,23,5.32,08:46:45.440008,
97,1,395,13,23,17.11,07:15:35.845962,
189,1,708,30,29,19.08,16:17:24.499923,
259,1,206,13,14,7.73,11:43:42.392233,
121,1,868,21,22,12.97,09:23:33.854205,
49,1,657,21,28,17.68,07:01:31.987951,
186,1,1481,12,12,16.22,15:53:27.990891,1799
189,1,563,29,25,13.78,09:21:01.847876,
81,1,509,16,14,17.59,19:11:10.321783,1520
81,1,627,14,17,16.92,00:50:09.112488,
186,1,660,29,24,10.12,22:13:25.609118,
259,1,1310,13,29,10.22,06:39:14.1325,
3,1,1625,20,15,3.33,17:58:11.735632,
49,1,24,15,15,19.43,07:15:56.390808,
259,1,997,24,18,16.61,02:05:46.78996,
3,1,1309,30,23,5.32,17:25:47.595112,
97,1,1377,24,14,4.05,03:32:22.786624,
81,1,894,28,17,16.22,05:06:34.257679,
186,1,1355,19,30,6.42,20:51:00.477909,1083
81,1,1613,15,18,14.70,15:11:01.292932,1010
121,1,1181,23,22,7.77,22:06:28.628043,
121,1,1608,12,24,16.32,08:45:46.549003,
49,1,580,30,24,3.88,23:11:18.458018,
49,1,1001,17,21,8.36,07:50:30.018093,
186,1,1433,21,20,9.18,22:02:47.425846,
189,1,1258,23,26,12.14,09:18:59.443321,
97,1,1270,21,16,12.30,22:28:33.571924,
186,1,410,17,20,5.07,00:27:45.424082,
189,1,833,18,25,6.39,16:13:07.12269,
81,1,1148,18,30,4.28,05:59:51.203778,
49,1,382,16,12,13.89,14:45:31.330114,1794
186,1,435,24,26,18.84,20:22:32.231745,
3,1,782,12,30,15.01,06:49:07.94585,
189,1,515,11,26,9.37,06:09:58.74515,
121,1,692,28,17,10.81,08:32:03.752515,
49,1,413,29,14,6.56,22:36:28.143829,
121,1,1025,27,21,7.59,09:39:21.277339,
186,1,1529,25,13,4.15,10:57:21.603793,
49,1,1281,18,12,15.68,20:26:37.130608,565
259,1,512,16,12,13.89,11:23:27.560951,1794
121,1,1608,16,21,14.18,00:10:34.272907,
3,1,852,13,11,12.35,12:27:45.030037,
97,1,1155,24,21,19.99,07:40:30.749549,
186,1,1045,15,26,14.34,15:28:18.806503,
97,1,1317,16,25,4.31,14:57:31.702911,
3,1,1381,15,18,14.70,12:00:04.105611,1010
259,1,791,28,13,16.31,03:07:39.620871,
186,1,283,16,19,12.32,13:35:46.694056,1471
186,1,697,30,23,5.32,07:49:23.57967,
97,1,584,19,21,4.89,14:12:08.892392,
3,1,315,25,20,12.95,05:00:22.107107,
189,1,70,15,18,14.70,04:34:00.166791,1010
121,1,1068,13,30,16.16,05:27:49.561593,
189,1,1187,22,26,8.19,07:18:42.751676,
49,1,1122,17,22,15.98,19:52:33.346727,
3,1,241,20,14,18.35,22:02:13.305307,1096
189,1,621,11,23,14.23,20:35:26.393194,
121,1,631,29,19,5.51,09:18:36.622998,
81,1,1440,21,20,3.90,12:08:33.071394,
81,1,837,12,21,19.70,21:40:35.455467,
81,1,515,21,15,16.01,16:11:00.269474,
49,1,705,14,21,8.35,13:45:27.919551,
121,1,516,11,25,18.53,21:29:52.326797,
49,1,1142,23,23,13.02,07:28:45.350912,
259,1,1154,25,14,6.17,17:55:04.069453,1922
97,1,482,27,11,5.18,23:47:45.201388,
121,1,123,29,11,11.16,22:39:48.688642,
81,1,871,29,25,9.25,01:41:14.773257,
97,1,373,29,18,13.12,09:25:40.605994,
81,1,296,28,12,14.82,10:20:22.318624,
189,1,564,15,18,14.70,20:22:46.879719,1010
81,1,1374,16,26,18.97,04:37:28.002151,
259,1,1130,12,29,17.99,02:18:34.100431,
186,1,901,27,14,16.09,12:07:06.799103,
49,1,613,16,12,13.89,00:57:54.956237,1794
3,1,954,22,28,10.28,03:16:51.713222,
49,1,1281,13,19,14.94,16:55:14.685614,
121,1,526,25,14,6.17,06:40:01.465657,1922
259,1,1467,16,12,13.89,08:13:06.045492,1794
186,1,1247,25,30,5.08,20:41:49.54219,
259,1,187,19,14,16.00,00:49:36.652149,
81,1,1397,15,21,9.84,15:14:36.710012,
121,1,651,16,25,4.44,19:36:32.434368,
186,1,164,24,24,10.93,12:57:28.554435,
189,1,387,16,12,13.89,14:52:00.500009,1794
121,1,1295,27,14,9.07,10:04:12.239335,
189,1,939,13,22,14.89,13:10:35.638371,
3,1,1617,18,24,13.79,20:02:46.375932,
3,1,556,28,24,6.78,10:47:59.526295,
259,1,289,11,13,15.57,06:33:44.120101,
3,1,845,15,25,14.40,02:49:08.798023,
186,1,268,23,28,15.04,15:26:41.718874,
121,1,1049,19,29,15.70,21:53:52.775311,
81,1,169,22,17,4.74,07:26:40.29675,1810
186,1,1598,25,14,14.66,06:48:52.014896,
49,1,214,25,19,19.21,03:59:18.001089,
81,1,1496,27,17,12.62,05:01:21.523453,
3,1,1108,18,24,10.79,17:15:58.291573,
259,1,104,22,29,10.60,06:22:32.551186,
3,1,392,11,23,5.09,01:09:24.696628,
186,1,369,18,14,8.38,02:38:28.894797,985
189,1,1225,11,27,6.61,09:36:33.381073,
186,1,1234,28,20,16.61,04:30:33.118984,
189,1,708,19,24,15.00,17:04:27.779385,
121,1,1019,19,12,3.75,21:18:11.089303,
97,1,576,24,19,11.80,04:08:07.344427,
186,1,883,19,30,6.42,17:36:59.51313,1083
186,1,1050,13,19,11.08,13:39:59.480809,
121,1,303,12,15,10.64,08:26:25.304344,
97,1,1652,29,29,16.62,21:52:52.3426,
121,1,669,13,12,8.08,15:24:40.388626,
49,1,795,11,21,4.46,22:00:59.917072,
3,1,1418,24,24,10.93,18:32:29.172365,
3,1,907,11,15,8.64,06:13:23.182124,
186,1,956,30,25,15.60,01:28:55.319726,
259,1,1208,13,19,14.94,15:27:14.496145,
121,1,472,27,26,17.84,02:52:43.533785,
3,1,1350,26,15,14.65,21:29:36.114932,
49,1,1488,28,17,5.38,22:29:01.709712,
97,1,308,21,12,4.98,03:53:56.206082,
186,1,1176,17,21,3.23,23:40:49.70738,
49,1,402,16,12,13.89,17:23:57.905359,1794
121,1,1665,15,18,14.70,05:40:48.746728,1010
49,1,588,24,21,19.99,09:07:41.01974,
186,1,226,29,19,5.51,23:38:17.74085,
49,1,1651,29,25,9.25,04:20:43.461336,
49,1,940,22,30,15.03,06:29:17.277073,
81,1,399,25,15,3.15,01:03:02.064957,
3,1,1207,22,26,10.25,01:06:42.22058,
189,1,823,25,14,6.17,00:32:00.780557,1922
121,1,1060,17,25,15.52,20:26:47.312739,
97,1,1543,19,30,18.58,01:48:37.217022,
259,1,1417,15,12,5.01,00:41:07.746795,
49,1,696,25,30,15.05,22:21:19.867857,
97,1,1374,27,21,7.59,04:02:55.910346,
81,1,1534,25,22,5.70,02:14:51.475811,
121,1,1380,15,13,15.26,19:39:20.454077,
3,1,955,16,19,12.32,15:08:57.721196,1471
3,1,1493,12,20,4.97,12:53:58.706439,
189,1,1457,29,19,11.46,02:02:21.157686,
186,1,1065,18,12,15.68,12:22:12.062208,565
259,1,1100,25,14,6.17,14:04:02.518095,1922
81,1,1341,20,19,14.62,19:49:49.181317,1648
186,1,433,11,25,18.53,02:35:59.853416,
3,1,226,13,14,7.50,17:41:54.130886,
259,1,80,29,29,16.69,19:05:28.744418,
3,1,505,17,20,5.07,08:25:21.315224,
49,1,1502,23,20,3.71,09:13:25.82667,
121,1,974,19,30,6.42,13:42:22.992705,1083
121,1,175,14,21,15.92,18:01:38.518176,
97,1,1186,25,23,17.38,10:45:05.389404,
49,1,368,29,25,12.44,22:06:49.02511,
121,1,1628,21,24,13.78,17:10:56.955255,
3,1,1364,19,19,7.91,23:34:59.142206,
81,1,482,20,19,14.62,19:16:02.075205,1648
3,1,326,11,30,10.01,06:42:49.16221,
3,1,801,23,28,7.99,16:16:05.050497,
3,1,693,22,12,19.75,22:27:30.788642,
3,1,559,15,28,17.79,05:53:18.854606,
259,1,1491,18,30,7.09,18:04:22.410492,
81,1,1181,28,17,9.17,06:09:41.78139,
189,1,710,30,11,14.03,00:59:02.665756,
97,1,879,16,16,4.27,04:27:27.978279,
97,1,167,14,19,10.60,00:27:24.577672,
189,1,562,15,25,9.53,09:19:01.430935,
186,1,1263,19,26,17.12,02:18:50.382237,
259,1,306,25,22,9.84,06:40:05.9133,
259,1,396,15,13,15.26,19:40:06.165482,
186,1,659,25,11,6.21,14:12:25.831313,
121,1,364,22,30,16.47,19:02:27.950306,
97,1,1285,18,24,3.28,17:37:49.912276,
259,1,1316,17,26,4.68,14:49:52.80034,
186,1,382,12,19,13.42,04:42:30.66429,
189,1,1069,30,30,10.91,19:28:59.543106,
49,1,1472,16,18,9.37,21:28:27.728317,
121,1,899,17,28,10.89,23:56:07.75592,
3,1,1329,16,19,12.32,16:21:37.79383,1471
259,1,1630,26,29,9.93,12:19:16.84729,
97,1,1646,26,26,10.35,06:33:50.399936,
3,1,478,22,28,10.28,19:49:05.093028,
186,1,211,28,23,15.40,14:33:45.10232,
49,1,639,15,26,19.25,18:38:45.880917,
49,1,1351,13,21,13.41,21:54:37.78617,
3,1,1367,25,14,6.17,11:20:43.304326,1922
121,1,431,12,12,16.22,13:46:49.794764,1799
259,1,50,26,30,7.32,08:42:21.505769,
81,1,1369,15,15,7.50,17:18:18.932748,
97,1,444,13,19,11.08,05:18:48.84433,
3,1,1057,17,26,17.34,06:31:08.743974,
97,1,1555,19,30,6.42,15:58:08.29247,1083
259,1,1294,19,30,6.42,04:07:41.267067,1083
97,1,182,13,12,8.08,14:03:25.854087,
189,1,1377,13,27,15.97,13:38:20.079269,
121,1,293,16,22,9.17,02:30:41.281629,
49,1,1464,17,19,11.82,12:23:59.822071,
81,1,1189,20,15,12.76,00:24:44.955709,
97,1,564,26,18,19.99,21:15:34.512551,
81,1,1062,16,30,14.33,22:37:23.894282,
97,1,1054,16,12,13.89,05:36:05.868513,1794
189,1,1238,11,13,15.57,08:59:54.098936,
121,1,1377,29,18,18.42,04:27:22.542103,
189,1,1583,25,14,6.17,09:56:41.866107,1922
49,1,1421,22,17,4.74,19:30:32.245489,1810
186,1,650,28,28,9.79,01:26:33.979235,
189,1,1399,25,28,13.49,05:39:30.806648,
97,1,282,13,24,8.72,08:30:18.913824,
97,1,479,19,30,6.42,08:07:38.661485,1083
189,1,1152,19,16,11.99,04:14:58.869614,
259,1,595,11,15,9.69,11:31:34.00486,
97,1,981,17,13,15.14,03:41:13.894819,
97,1,156,19,22,18.02,10:02:17.434047,
49,1,462,13,28,11.31,10:22:40.184832,
189,1,1327,19,30,6.42,13:00:29.013723,1083
97,1,406,21,22,18.16,04:20:19.847414,
81,1,41,18,17,10.46,10:03:59.593688,
49,1,1462,12,15,10.64,00:20:02.672495,
186,1,585,15,18,14.70,07:24:07.225104,1010
49,1,853,26,19,6.38,03:15:46.617406,
97,1,672,11,16,3.61,04:28:38.121478,
3,1,358,15,13,13.39,13:50:51.253936,
81,1,699,15,20,16.76,16:44:59.302135,
259,1,624,11,25,18.53,13:25:51.517775,
3,1,1041,25,22,9.84,08:37:35.965739,
97,1,991,19,30,6.42,05:28:40.503508,1083
186,1,95,19,19,7.91,07:15:58.421871,
49,1,1514,17,23,17.50,03:15:58.300658,
121,1,467,27,14,16.09,06:36:43.03687,
121,1,833,21,26,11.65,21:52:07.287281,
259,1,230,17,15,11.35,13:39:47.906997,
186,1,1333,16,17,15.31,14:40:07.408218,1004
189,1,360,20,12,9.28,19:54:52.573958,
81,1,1125,26,16,6.47,22:06:03.389409,
186,1,663,27,22,16.19,01:36:27.679913,
81,1,1151,20,19,14.62,23:04:30.841523,1648
81,1,772,15,19,11.57,16:59:53.699861,
3,1,40,27,30,3.11,10:38:07.45154,
49,1,1294,30,12,10.17,20:25:33.758244,
97,1,1077,19,12,10.89,10:56:58.714185,
121,1,977,12,23,6.95,08:52:28.6191,
121,1,1130,20,19,14.62,13:57:06.131451,1648
3,1,300,13,17,19.05,13:38:09.146391,
81,1,542,12,12,16.22,08:20:13.821014,1799
49,1,1168,24,14,6.33,19:18:38.592739,889
3,1,162,11,23,6.37,07:50:11.850917,
189,1,1059,11,11,13.35,23:48:53.985993,
259,1,1220,20,19,14.62,13:27:05.610043,1648
3,1,376,23,28,12.07,20:15:46.062621,
186,1,827,21,13,17.83,02:34:03.71459,
189,1,839,25,23,17.38,05:51:31.02917,
189,1,701,13,18,16.45,18:00:36.068563,
81,1,950,12,21,15.66,11:07:59.060662,
121,1,418,13,28,11.31,23:41:07.613592,
259,1,91,12,22,9.80,06:31:01.57278,
49,1,893,18,25,6.39,13:11:46.191566,
121,1,1260,15,21,8.21,07:43:08.174988,
81,1,1556,26,30,5.19,08:05:18.532326,
49,1,499,15,23,9.53,01:06:27.081551,
3,1,574,11,25,19.63,16:49:28.768776,
3,1,162,11,15,8.64,15:24:51.897039,
97,1,473,18,24,3.28,05:16:52.767713,
97,1,1188,22,30,16.47,15:52:21.593471,
49,1,813,26,22,15.34,12:23:30.914643,
186,1,632,14,29,6.53,12:10:31.09496,
81,1,918,18,29,6.32,23:21:36.692486,
97,1,1624,23,26,19.90,06:25:57.070791,
49,1,877,26,12,11.92,02:32:37.824624,
186,1,1306,12,13,17.79,16:42:56.552907,
189,1,112,19,20,12.90,06:26:22.097553,
259,1,913,17,30,12.18,12:56:20.216814,
121,1,236,19,12,10.89,17:22:35.888134,
3,1,272,23,14,17.53,10:20:41.660553,
3,1,629,16,17,11.97,22:02:39.62121,
186,1,131,27,17,6.06,17:23:43.789935,
186,1,1078,28,14,9.18,23:32:35.977284,
3,1,1361,18,12,15.68,17:52:22.405087,565
81,1,338,13,24,19.32,16:18:44.733166,
189,1,1707,15,25,12.14,06:24:53.991214,
3,1,1095,16,19,12.32,00:14:26.851062,1471
3,1,171,15,27,5.91,16:17:02.62709,
3,1,1572,21,24,11.34,15:02:34.226294,
97,1,1278,24,28,16.97,11:19:03.341628,
121,1,848,17,25,13.01,01:05:43.503645,
97,1,801,16,12,13.89,04:30:35.606287,1794
189,1,1074,15,18,14.70,03:37:15.405631,1010
3,1,782,15,16,15.76,13:09:32.212451,
189,1,1095,16,12,19.10,05:19:25.364312,
3,1,41,11,11,8.25,06:26:08.176946,
186,1,1604,19,19,17.71,15:10:30.283925,
186,1,163,15,11,10.64,09:42:30.401546,
81,1,1673,21,25,11.23,06:43:40.959978,
186,1,731,25,14,6.17,09:17:35.383055,1922
81,1,1407,28,27,14.82,16:03:01.556257,
3,1,457,11,11,8.25,15:46:11.829343,
259,1,629,13,28,5.58,16:54:44.708292,
186,1,573,17,26,18.05,19:21:31.469676,
97,1,1405,14,17,16.92,07:50:01.217752,
259,1,202,29,21,15.64,10:53:55.73896,
186,1,1270,13,14,17.22,00:30:54.495753,
81,1,729,17,15,11.35,20:58:29.823618,
97,1,1356,14,28,6.81,15:59:20.179183,
189,1,1497,23,18,6.31,09:56:16.074096,
97,1,272,13,19,11.08,22:38:42.563698,
49,1,743,14,24,11.09,20:39:14.584021,
97,1,334,21,26,14.00,18:27:15.169001,
81,1,1265,16,12,13.89,06:03:03.534678,1794
259,1,456,20,16,9.56,11:56:49.42313,
186,1,468,25,17,4.73,05:22:44.9247,
3,1,1585,16,12,13.89,01:38:41.807136,1794
3,1,1673,22,11,4.11,04:28:27.234893,
97,1,1428,25,20,9.42,01:53:09.617205,
121,1,272,20,30,15.17,23:42:49.793028,
121,1,1544,26,18,19.99,23:42:30.61112,
81,1,181,20,19,14.62,12:01:10.337964,1648
121,1,1070,13,14,17.48,05:32:36.047496,
189,1,740,13,19,11.08,05:19:24.243769,
259,1,328,20,11,7.45,12:44:46.110343,
186,1,565,26,27,15.27,07:39:47.163119,
49,1,922,15,21,8.21,18:23:06.482375,
97,1,1303,19,25,19.71,15:48:37.012865,
49,1,768,24,14,6.33,18:05:39.612582,889
121,1,386,25,28,13.49,18:53:22.274784,
186,1,282,22,29,15.82,15:57:34.868036,
3,1,1550,12,12,16.22,14:49:57.311103,1799
186,1,992,29,23,9.42,08:17:24.660029,
121,1,26,19,14,16.00,01:56:39.944355,
259,1,688,24,18,18.45,14:36:07.808291,
3,1,1638,11,11,10.39,17:48:55.509433,
81,1,522,18,14,8.38,21:51:48.910703,985
186,1,913,18,13,8.94,19:11:33.4298,
189,1,223,12,23,12.61,08:01:46.87816,
259,1,1331,27,15,11.76,04:42:01.844225,
121,1,871,29,25,13.78,04:56:43.252943,
81,1,1518,14,20,8.51,18:04:39.853904,
3,1,1436,24,22,18.12,09:30:41.317214,
186,1,1628,26,22,15.34,04:24:06.46375,
97,1,1127,23,26,4.17,04:53:15.636735,
81,1,502,11,25,12.03,20:14:38.939286,
259,1,577,12,24,7.01,00:29:25.244287,
189,1,474,30,19,10.71,19:36:30.410838,
259,1,1611,12,25,5.99,03:18:37.687089,
81,1,1104,13,21,10.25,23:39:14.547786,
189,1,1654,17,21,8.36,13:46:26.045702,
259,1,29,12,19,14.25,13:51:57.428574,
186,1,140,25,20,9.42,07:07:05.526597,
189,1,850,30,26,19.49,04:19:28.899272,
97,1,170,17,25,13.01,13:30:25.011105,
259,1,804,13,29,10.22,03:59:20.536241,
97,1,893,30,11,14.26,09:54:00.398299,
259,1,245,17,29,12.97,01:13:16.439451,
97,1,1197,18,24,14.84,15:20:58.947105,
186,1,1144,19,16,11.99,17:36:50.0507,
81,1,1060,11,16,13.72,01:57:46.423656,
3,1,868,19,27,17.90,19:34:53.69655,
259,1,504,13,24,19.59,13:45:46.57576,
49,1,1408,14,14,19.30,20:32:09.870565,
189,1,78,20,19,14.62,02:16:29.610151,1648
81,1,335,14,24,11.09,10:33:27.230771,
186,1,649,16,24,6.23,08:33:54.709505,
121,1,1350,30,16,17.28,13:04:53.245174,
81,1,1336,30,24,6.11,04:31:24.395283,
81,1,721,24,18,18.45,09:36:33.76318,
3,1,946,24,18,9.27,12:15:51.028948,
3,1,1211,25,16,4.78,00:36:42.144735,
97,1,1215,28,13,16.31,02:26:14.434626,
49,1,1259,22,22,8.32,18:05:50.651528,
3,1,1743,25,13,5.69,21:34:59.978159,
186,1,195,22,11,4.11,07:50:21.091038,
121,1,700,15,24,11.61,23:37:54.390803,
49,1,1114,30,16,17.28,18:55:16.356915,
121,1,919,16,18,13.01,13:37:55.095712,
49,1,1753,15,16,19.02,00:29:37.079324,
189,1,713,30,19,9.52,19:59:52.694774,
97,1,1626,18,24,13.79,22:03:27.270989,
97,1,540,25,14,6.17,14:34:55.538444,1922
186,1,1477,20,14,18.35,00:38:06.451673,1096
259,1,734,17,25,13.01,11:04:13.508857,
81,1,573,13,14,7.50,17:49:25.142808,
121,1,772,12,12,16.22,11:31:37.35178,1799
49,1,1065,29,20,3.86,23:46:32.852431,
121,1,1591,11,12,6.20,03:15:35.455397,
49,1,92,22,29,3.40,13:58:09.319881,
186,1,666,13,18,16.45,17:00:37.239805,
97,1,156,25,13,18.58,16:43:39.941381,
81,1,1014,16,12,13.89,15:26:29.375334,1794
3,1,1087,11,30,16.29,06:00:18.793216,
49,1,441,22,29,15.82,22:09:38.885146,
3,1,905,23,26,5.93,14:47:11.108177,
49,1,1597,22,24,4.89,21:08:31.555723,
97,1,334,21,28,17.68,21:44:39.040373,
121,1,519,13,14,7.73,10:42:54.295392,
186,1,965,22,22,3.93,09:45:42.923534,
81,1,427,29,25,13.78,21:29:56.176924,
259,1,1539,29,24,5.66,07:15:04.90747,
186,1,1583,20,30,15.17,20:38:23.930675,
186,1,602,21,19,18.30,07:31:09.959946,
97,1,1282,15,18,14.70,13:23:29.111068,1010
49,1,428,30,13,11.52,16:15:39.006219,
3,1,1420,12,28,7.36,14:07:53.363049,
121,1,788,26,18,11.64,16:29:39.455955,
3,1,1274,21,27,18.71,08:23:04.658612,
121,1,1238,12,20,4.97,12:18:08.711453,
121,1,1043,17,20,5.07,10:26:38.809185,
189,1,118,11,15,9.69,16:13:20.536794,
97,1,1703,21,13,8.74,16:53:07.955833,
3,1,562,16,30,14.33,17:28:41.856081,
189,1,1682,28,28,9.79,01:30:00.066522,
186,1,1553,30,16,17.28,05:25:56.913812,
81,1,1584,14,21,15.92,06:22:05.021276,
189,1,597,14,23,13.68,00:20:27.145282,
81,1,1379,27,17,6.06,07:11:30.03232,
3,1,1642,27,25,3.70,03:16:54.659688,
186,1,1571,18,12,15.68,06:10:37.917709,565
259,1,36,15,14,13.69,05:52:26.200451,
81,1,1044,17,26,4.68,16:00:14.837587,
259,1,1098,16,22,9.17,16:52:03.252589,
97,1,614,24,13,5.87,12:20:32.994882,
189,1,467,30,30,19.03,13:42:24.107541,
189,1,1671,17,22,15.98,15:47:07.314826,
189,1,1228,16,19,12.32,11:29:59.930144,1471
81,1,633,15,11,10.64,00:31:30.021696,
259,1,1467,29,19,11.46,18:16:08.379525,
81,1,1769,18,11,15.22,01:32:35.100046,
121,1,873,14,19,10.60,16:11:51.62778,
259,1,1294,18,14,8.38,11:55:05.175109,985
189,1,1145,14,13,13.78,22:52:00.84077,
49,1,729,16,12,13.89,12:17:20.519933,1794
186,1,1081,23,24,11.02,04:11:06.806283,
3,1,1372,22,28,10.28,00:56:52.875811,
186,1,1038,26,25,19.83,03:49:17.663178,
49,1,159,19,13,4.72,00:47:08.837476,
121,1,1128,18,13,8.94,09:26:15.094799,
49,1,597,25,19,17.79,23:44:12.199616,
121,1,241,29,27,5.08,16:21:13.275477,
259,1,1204,19,12,3.75,08:25:17.628347,
121,1,416,21,16,12.30,13:06:23.791219,
81,1,641,30,26,8.59,10:56:07.897824,
81,1,296,18,25,15.15,00:50:21.548194,
189,1,735,11,11,8.25,02:03:44.938859,
189,1,1157,15,18,14.70,08:59:18.631113,1010
189,1,1739,15,20,15.67,09:57:01.639681,
49,1,751,12,12,16.22,12:57:12.750182,1799
97,1,546,29,18,17.51,23:27:32.93755,
121,1,954,20,19,14.62,17:11:58.201115,1648
189,1,878,24,17,4.56,07:38:59.920243,
259,1,668,16,22,9.17,17:27:52.916109,
189,1,1748,12,23,6.95,15:44:43.751537,
81,1,1328,16,12,13.89,22:24:51.196587,1794
49,1,1516,26,22,15.34,22:48:49.492151,
121,1,1344,16,28,4.06,18:52:59.477172,
189,1,1467,11,12,18.59,08:50:54.57408,
49,1,885,26,15,17.13,13:06:05.851907,
97,1,672,29,30,17.60,20:33:07.27341,
121,1,275,19,30,6.42,16:21:41.148508,1083
81,1,1571,29,14,6.56,10:24:41.8741,
121,1,1341,14,26,17.63,03:51:04.049416,
97,1,802,12,19,13.42,06:51:55.673299,
81,1,1238,22,26,8.19,22:34:32.064119,
121,1,1166,20,19,14.62,21:04:27.490176,1648
3,1,804,11,25,15.07,00:13:02.540164,
259,1,1518,16,26,6.07,02:11:30.597725,
81,1,1182,16,16,5.97,16:58:44.967432,
49,1,587,21,27,9.33,10:09:15.326247,
81,1,122,12,20,10.41,00:31:18.444453,
49,1,1360,18,18,17.91,22:24:11.994599,
49,1,611,21,24,11.34,23:09:36.511551,
97,1,500,15,13,15.26,12:30:45.758804,
121,1,760,17,23,12.75,20:08:23.980325,
189,1,622,23,24,19.72,11:17:49.417084,
186,1,792,11,26,8.13,23:28:01.423623,
259,1,1573,25,14,6.17,15:48:15.666403,1922
121,1,941,28,16,10.84,11:55:35.080072,
189,1,565,30,19,11.52,21:59:31.242233,
49,1,1059,15,27,3.83,22:41:39.36271,
81,1,91,18,14,8.38,20:01:36.407901,985
97,1,204,26,25,19.83,08:24:53.934556,
121,1,1171,30,13,11.52,00:04:38.487548,
3,1,1320,21,24,13.78,19:40:20.512133,
189,1,1156,17,26,18.05,03:25:37.562401,
81,1,1698,21,13,8.74,22:22:01.45011,
259,1,522,21,28,12.12,18:38:56.294251,
121,1,1774,23,26,5.93,02:59:59.034785,
259,1,126,13,15,16.58,00:42:45.674321,
259,1,108,22,12,19.75,08:02:35.783741,
189,1,167,20,14,18.35,21:25:14.225591,1096
81,1,950,16,12,13.89,16:37:26.160375,1794
189,1,1421,16,12,13.89,16:36:15.797114,1794
49,1,712,15,18,14.70,09:06:56.967271,1010
49,1,1449,21,15,17.41,17:04:25.249074,
121,1,1498,21,24,13.78,06:31:20.693089,
3,1,460,30,16,17.28,19:42:53.6636,
49,1,80,19,13,5.86,03:29:17.137316,
97,1,1147,16,16,4.27,00:50:39.986856,
49,1,119,16,19,12.32,14:24:56.97946,1471
97,1,851,26,21,16.10,11:00:17.020777,
81,1,1350,19,13,5.10,10:45:56.615001,
186,1,1586,18,17,12.02,14:41:59.424902,
81,1,1438,21,30,10.68,07:15:11.895063,
259,1,1808,15,16,14.90,07:25:37.559409,
3,1,501,19,28,18.93,04:24:39.458496,
49,1,958,14,21,12.30,11:02:31.985709,
186,1,1273,19,24,15.00,07:37:33.264689,
121,1,563,18,14,8.95,16:20:34.682323,
97,1,1102,25,14,3.31,13:55:26.582985,
49,1,194,15,30,12.47,12:06:32.725797,
186,1,776,12,12,16.22,12:56:15.764973,1799
49,1,713,20,25,15.30,14:50:12.161301,
189,1,1050,19,19,7.91,00:46:20.866803,
81,1,756,25,29,4.77,13:50:40.451051,
186,1,596,21,20,7.84,13:08:20.776821,
3,1,1720,11,28,17.00,05:15:47.761197,
121,1,1675,12,13,17.79,17:37:07.793909,
259,1,725,24,14,4.05,07:17:21.438069,
186,1,1445,15,14,6.13,10:45:35.983605,
49,1,54,17,19,11.82,20:59:13.126159,
189,1,611,18,17,16.93,00:33:21.765483,
81,1,1234,20,16,14.10,02:35:59.919505,
3,1,802,26,14,6.97,22:28:44.258255,
186,1,741,14,14,19.30,00:40:41.13529,
81,1,927,26,27,15.27,22:36:41.898385,
49,1,1080,19,30,6.42,15:48:45.848264,1083
97,1,242,20,19,14.62,14:49:42.619057,1648
3,1,1028,17,30,14.52,09:24:45.652531,
81,1,252,28,20,10.03,13:17:10.849427,
186,1,105,17,28,16.11,06:29:42.113428,
121,1,233,23,28,7.99,21:02:24.498724,
49,1,713,19,22,13.99,19:25:56.293682,
3,1,663,21,17,6.08,04:53:32.588769,
186,1,1702,27,30,19.19,23:29:47.903793,
186,1,961,15,13,6.73,03:38:27.345962,
49,1,1278,15,29,14.31,12:44:40.08672,
121,1,186,14,23,3.77,04:08:37.267967,
259,1,1335,18,12,15.68,19:38:41.604903,565
97,1,287,27,30,8.78,09:40:04.043059,
49,1,1421,29,22,7.00,13:22:03.939192,
121,1,1660,15,28,9.82,05:10:00.792412,
186,1,1775,23,30,11.83,00:55:19.582393,
259,1,661,25,13,19.80,18:29:46.32786,
189,1,309,18,13,8.82,02:58:54.062788,
3,1,1043,15,18,14.70,08:48:57.120549,1010
186,1,1078,19,27,5.86,03:52:33.317351,
3,1,61,27,30,7.90,07:40:55.769596,
186,1,1457,21,16,13.47,02:39:53.250795,
3,1,878,13,24,19.32,13:18:13.499835,
97,1,179,19,19,17.71,02:57:02.840407,
259,1,597,26,15,14.65,14:15:19.599004,
3,1,1249,24,11,5.41,21:25:52.256779,
186,1,1060,20,19,14.62,16:33:58.923674,1648
121,1,233,14,20,15.81,23:11:01.31408,
97,1,928,13,21,13.41,19:34:44.367263,
186,1,479,11,11,10.39,23:47:39.144233,
186,1,313,18,11,15.22,02:30:44.991957,
186,1,328,21,30,16.59,01:30:58.748705,
3,1,309,15,18,14.70,07:07:44.317788,1010
121,1,752,12,25,5.99,02:35:57.420812,
189,1,1043,15,11,10.64,01:34:17.45437,
259,1,1726,27,30,8.78,09:45:14.058744,
186,1,1455,11,21,3.88,04:18:39.525491,
97,1,573,16,25,4.31,03:02:33.542485,
3,1,348,18,18,12.61,22:55:18.759776,
97,1,1366,21,25,18.28,13:21:43.635826,
3,1,278,20,15,12.76,11:19:09.591422,
186,1,296,15,26,14.34,13:33:56.04479,
97,1,1684,18,14,12.48,15:58:42.213597,
49,1,158,20,27,10.44,18:47:49.490406,
49,1,1039,15,18,14.70,23:17:25.258151,1010
97,1,582,25,25,5.42,16:08:29.145759,
186,1,1120,13,21,13.41,19:31:56.060752,
49,1,192,17,24,13.44,21:45:33.991876,
189,1,938,22,19,19.08,04:43:55.993325,1811
3,1,826,28,24,3.41,06:17:43.961499,
186,1,288,30,29,19.08,13:46:22.081358,
